spieler_id,name,verein,news_headline,news_link,news_count_7d,transfer_news_flag,stammplatz_news_flag
30755,Neuer,1. FC Bayern München,Urbig soll Neuer im DFB-Pokal vertreten,https://www.ligainsider.de/manuel-neuer_114/urbig-soll-neuer-im-dfb-pokal-vertreten-417280/,1,0,0
34284,Bärtl,1. FC Bayern München,,,0,0,0
33494,Urbig,1. FC Bayern München,Urbig startet im Pokal gegen Osnabrück,https://www.ligainsider.de/jonas-urbig_26101/urbig-startet-im-pokal-gegen-osnabrueck-417366/,2,0,0
34353,Prescott,1. FC Bayern München,,,0,0,0
34101,Klanac,1. FC Bayern München,,,0,0,0
31216,Ulreich,1. FC Bayern München,Ulreich hängt ein Jahr beim FC Bayern dran,https://www.ligainsider.de/sven-ulreich_205/ulreich-haengt-ein-jahr-beim-fc-bayern-dran-413396/,0,0,0
32800,Laimer,1. FC Bayern München,Laimer zurück im Teamtraining,https://www.ligainsider.de/konrad-laimer_6324/laimer-zurueck-im-teamtraining-416431/,0,0,0
34205,Kiala,1. FC Bayern München,,,0,0,0
33975,Brown,1. FC Bayern München,Saibari und Brown kämpfen um die Zeh­ner­posi­tion,https://www.ligainsider.de/ismael-saibari_25609/saibari-und-brown-kaempfen-um-die-zehnerposition-416929/,0,0,0
33894,Boey,1. FC Bayern München,Fulham nimmt Kontakt zu Boey auf,https://www.ligainsider.de/sacha-boey_23034/fulham-nimmt-kontakt-zu-boey-auf-417386/,1,0,0
33823,Kim,1. FC Bayern München,Kim zurück im Teamtraining,https://www.ligainsider.de/minjae-kim_27022/kim-zurueck-im-teamtraining-416362/,0,0,0
33796,Buchmann,1. FC Bayern München,,,0,0,0
32720,Upamecano,1. FC Bayern München,FC Bayern: Spätstart für WM-Trio,https://www.ligainsider.de/harry-kane_4828/fc-bayern-spaetstart-fuer-wm-trio-416030/,0,0,0
33496,Itō,1. FC Bayern München,Freund nimmt Itō-Gerücht Wind aus den Segeln,https://www.ligainsider.de/hiroki-ito_26128/freund-nimmt-it-geruecht-wind-aus-den-segeln-417365/,2,1,0
32157,Tah,1. FC Bayern München,Tah fehlt Bayern gegen Union Berlin,https://www.ligainsider.de/jonathan-tah_2385/tah-fehlt-bayern-gegen-union-berlin-410384/,0,0,0
33386,Stanišić,1. FC Bayern München,Stanišić trainiert wieder mit dem Team,https://www.ligainsider.de/josip-stanisic_20102/stanisi-trainiert-wieder-mit-dem-team-416364/,0,0,0
33021,Davies,1. FC Bayern München,Davies zurück im Bayern-Trai­ning,https://www.ligainsider.de/alphonso-davies_20098/davies-zurueck-im-bayern-training-416052/,0,0,0
34207,Santos Daiber,1. FC Bayern München,Santos fällt monatelang aus,https://www.ligainsider.de/david-santos-daiber_38573/santos-faellt-monatelang-aus-412835/,0,0,0
34206,Karl,1. FC Bayern München,Karl feiert Comeback nach langer Ver­let­zungspau­se,https://www.ligainsider.de/lennart-karl_38411/karl-feiert-comeback-nach-langer-verletzungspause-417123/,1,0,0
34321,Sapoko Ndiaye,1. FC Bayern München,Offiziell: FC Bayern verpflichtet Ndiaye fest,https://www.ligainsider.de/bara-sapoko-ndiaye_38779/offiziell-fc-bayern-verpflichtet-ndiaye-fest-416064/,0,0,0
34357,Osmani,1. FC Bayern München,,,0,0,0
33236,Musiala,1. FC Bayern München,Musiala macht Forts­chrit­te: Reicht es für Schalke?,https://www.ligainsider.de/jamal-musiala_24149/musiala-macht-fortschritte-reicht-es-fuer-schalke-417603/,6,0,0
33854,Pavlović,1. FC Bayern München,Pav­lović-Experi­ment gegen FCH misslingt,https://www.ligainsider.de/aleksandar-pavlovic_35918/pavlovi-experiment-gegen-fch-misslingt-412753/,0,0,0
34466,Saibari,1. FC Bayern München,Saibari und Brown kämpfen um die Zeh­ner­posi­tion,https://www.ligainsider.de/ismael-saibari_25609/saibari-und-brown-kaempfen-um-die-zehnerposition-416929/,0,0,0
32445,Kimmich,1. FC Bayern München,Bayern dreht Test gegen Heidenheim – Sorge um Musiala,https://www.ligainsider.de/tom-bischof_26133/bayern-dreht-test-gegen-heidenheim-ndash-sorge-um-musiala-416452/,0,0,0
33504,Bischof,1. FC Bayern München,Kompany: „Bischof hat unglaub­li­ches Gefühl für Tore“,https://www.ligainsider.de/tom-bischof_26133/kompany-bdquo-bischof-hat-unglaubliches-gefuehl-fuer-tore-ldquo-417522/,1,0,0
32696,Gnabry,1. FC Bayern München,Gnabry verpasst auch das Gastspiel auf Schalke,https://www.ligainsider.de/serge-gnabry_4815/gnabry-verpasst-auch-das-gastspiel-auf-schalke-417604/,3,0,0
34350,Cardozo,1. FC Bayern München,,,0,0,0
34014,Olise,1. FC Bayern München,FC Bayern: Spätstart für WM-Trio,https://www.ligainsider.de/harry-kane_4828/fc-bayern-spaetstart-fuer-wm-trio-416030/,0,0,0
34254,Luis Díaz,1. FC Bayern München,Bayern ohne Erfolg: Díaz-Sperre bleibt bestehen,https://www.ligainsider.de/luis-diaz_22566/bayern-ohne-erfolg-diaz-sperre-bleibt-bestehen-410495/,0,0,0
33838,Kane,1. FC Bayern München,Kane und Bayern starten Gespräche über Verlänge­rung,https://www.ligainsider.de/harry-kane_4828/kane-und-bayern-starten-gespraeche-ueber-verlaengerung-416379/,0,0,0
31988,Drewes,Borussia Dortmund,Offiziell: Dortmund verstärkt Torwart-Team mit Bochums Drewes,https://www.ligainsider.de/patrick-drewes_1981/offiziell-dortmund-verstaerkt-torwart-team-mit-bochums-drewes-380044/,0,0,0
33539,Ostrzinski,Borussia Dortmund,Klub-WM: Das ist der Kader von Borussia Dortmund,https://www.ligainsider.de/silas-ostrzinski_27269/klub-wm-das-ist-der-kader-von-borussia-dortmund-379345/,0,0,0
32638,Kobel,Borussia Dortmund,BVB reist ohne Kobel zum Pokalspiel,https://www.ligainsider.de/gregor-kobel_9357/bvb-reist-ohne-kobel-zum-pokalspiel-417335/,2,0,0
32841,Meyer,Borussia Dortmund,Meyer ersetzt Kobel im DFB-Pokal,https://www.ligainsider.de/alexander-meyer_14604/meyer-ersetzt-kobel-im-dfb-pokal-417303/,1,0,0
31935,Can,Borussia Dortmund,Offiziell: Emre Can verlängert beim BVB,https://www.ligainsider.de/emre-can_1812/offiziell-emre-can-verlaengert-beim-bvb-410753/,0,0,0
34084,Mané,Borussia Dortmund,Kovač setzt in der Dreierkette auf Svensson,https://www.ligainsider.de/daniel-svensson_38304/kova-setzt-in-der-dreierkette-auf-svensson-417193/,1,0,0
34423,Prates,Borussia Dortmund,Prates feiert gegen Hamburg Debüt für den BVB,https://www.ligainsider.de/kaua-prates_38741/prates-feiert-gegen-hamburg-debuet-fuer-den-bvb-417148/,1,0,0
33167,Bensebaini,Borussia Dortmund,Bensebaini zurück im Training – Einsatz noch offen,https://www.ligainsider.de/ramy-bensebaini_7791/bensebaini-zurueck-im-training-ndash-einsatz-noch-offen-417536/,3,0,0
33141,Ryerson,Borussia Dortmund,Entwarnung bei Ryerson nach WM-Aus­wechslung,https://www.ligainsider.de/julian-ryerson_18478/entwarnung-bei-ryerson-nach-wm-auswechslung-415064/,0,0,0
33038,N. Schlotterbeck,Borussia Dortmund,,,0,0,0
34422,Gadou,Borussia Dortmund,Konstan­te­lias & Co. überzeugen beim BVB-Debüt,https://www.ligainsider.de/giannis-konstantelias_25767/konstantelias-amp-co-ueberzeugen-beim-bvb-debuet-416763/,0,0,0
34346,Reggiani,Borussia Dortmund,Inter Mailand erkundigt sich nach Reggiani,https://www.ligainsider.de/luca-reggiani_38816/inter-mailand-erkundigt-sich-nach-reggiani-416218/,0,0,0
32452,Anton,Borussia Dortmund,Kovač kann im Supercup auf Anton zählen,https://www.ligainsider.de/waldemar-anton_5837/kova-kann-im-supercup-auf-anton-zaehlen-416535/,0,0,0
34114,Svensson,Borussia Dortmund,Kovač setzt in der Dreierkette auf Svensson,https://www.ligainsider.de/daniel-svensson_38304/kova-setzt-in-der-dreierkette-auf-svensson-417193/,1,0,0
34424,Lerma,Borussia Dortmund,Lerma muss mit Mus­kelverlet­zung pausieren,https://www.ligainsider.de/justin-lerma_37104/lerma-muss-mit-muskelverletzung-pausieren-417221/,1,0,0
34495,Karetsas,Borussia Dortmund,Konstan­te­lias & Co. überzeugen beim BVB-Debüt,https://www.ligainsider.de/giannis-konstantelias_25767/konstantelias-amp-co-ueberzeugen-beim-bvb-debuet-416763/,0,0,0
34503,Konstantelias,Borussia Dortmund,So plant Kovač ohne Konstan­te­lias,https://www.ligainsider.de/giannis-konstantelias_25767/so-plant-kova-ohne-konstantelias-417300/,4,0,0
34505,Veerman,Borussia Dortmund,Kovač nimmt Bellingham nach Fehler in Schutz,https://www.ligainsider.de/jobe-bellingham_38153/kova-nimmt-bellingham-nach-fehler-in-schutz-416957/,1,0,0
34507,dos Santos,Borussia Dortmund,BVB-Talent dos Santos stößt wieder zum Team,https://www.ligainsider.de/enzo-dos-santos_38966/bvb-talent-dos-santos-stoesst-wieder-zum-team-417563/,1,0,0
34364,Kaba,Borussia Dortmund,Kaba macht wieder erste Schritte im BVB-Training,https://www.ligainsider.de/mussa-kaba_38783/kaba-macht-wieder-erste-schritte-im-bvb-training-417565/,1,0,0
34519,Nwaneri,Borussia Dortmund,Nwaneri erhält beim BVB einen Crashkurs,https://www.ligainsider.de/ethan-nwaneri_36869/nwaneri-erhaelt-beim-bvb-einen-crashkurs-417542/,7,1,0
32590,Sabitzer,Borussia Dortmund,Trotz Anfragen: Sabitzer bleibt beim BVB,https://www.ligainsider.de/marcel-sabitzer_2020/trotz-anfragen-sabitzer-bleibt-beim-bvb-417380/,1,0,0
33208,Beier,Borussia Dortmund,Beier meldet sich beim BVB zurück,https://www.ligainsider.de/maximilian-beier_20804/beier-meldet-sich-beim-bvb-zurueck-416538/,0,0,0
33498,F. Nmecha,Borussia Dortmund,,,0,0,0
34117,Chukwuemeka,Borussia Dortmund,So plant Kovač ohne Konstan­te­lias,https://www.ligainsider.de/giannis-konstantelias_25767/so-plant-kova-ohne-konstantelias-417300/,3,0,0
34200,Bellingham,Borussia Dortmund,Kovač nimmt Bellingham nach Fehler in Schutz,https://www.ligainsider.de/jobe-bellingham_38153/kova-nimmt-bellingham-nach-fehler-in-schutz-416957/,1,0,0
34283,Fábio Silva,Borussia Dortmund,So plant Kovač ohne Konstan­te­lias,https://www.ligainsider.de/giannis-konstantelias_25767/so-plant-kova-ohne-konstantelias-417300/,2,0,0
32667,Guirassy,Borussia Dortmund,Silva fordert Guirassy heraus – Kovač legt sich fest,https://www.ligainsider.de/fabio-silva_22570/silva-fordert-guirassy-heraus-ndash-kova-legt-sich-fest-416950/,1,0,0
34347,Inácio,Borussia Dortmund,Inácio und Albert reichen Bewerbung bei Kovač ein,https://www.ligainsider.de/samuele-inacio_37188/inacio-und-albert-reichen-bewerbung-bei-kova-ein-417479/,3,0,0
34362,Albert,Borussia Dortmund,Inácio und Albert reichen Bewerbung bei Kovač ein,https://www.ligainsider.de/samuele-inacio_37188/inacio-und-albert-reichen-bewerbung-bei-kova-ein-417479/,1,0,0
32267,Zingerle,RB Leipzig,Zingerle feiert Comeback im Testspiel,https://www.ligainsider.de/leopold-zingerle_2452/zingerle-feiert-comeback-im-testspiel-415201/,0,0,0
32481,Nyland,RB Leipzig,Nyland wieder voll im Mannschafts­trai­ning,https://www.ligainsider.de/oerjan-nyland_6511/nyland-wieder-voll-im-mannschaftstraining-417567/,2,0,0
33919,Vandevoordt,RB Leipzig,Klare Hierarchie bei RB: Vandevoordt vor Nyland,https://www.ligainsider.de/maarten-vandevoordt_21774/klare-hierarchie-bei-rb-vandevoordt-vor-nyland-416626/,0,0,0
31846,W. Orbán,RB Leipzig,,,0,0,0
33848,Finkgräfe,RB Leipzig,,,0,0,0
33436,Raum,RB Leipzig,Raum vor wegweisender Saison in Leipzig,https://www.ligainsider.de/david-raum_12557/raum-vor-wegweisender-saison-in-leipzig-416838/,0,0,0
34431,Koné,RB Leipzig,Lukeba an­geschla­gen: Einsatz fraglich,https://www.ligainsider.de/castello-lukeba_27079/lukeba-angeschlagen-einsatz-fraglich-417605/,1,0,0
34479,Estève,RB Leipzig,Lukeba an­geschla­gen: Einsatz fraglich,https://www.ligainsider.de/castello-lukeba_27079/lukeba-angeschlagen-einsatz-fraglich-417605/,2,0,0
32889,Baku,RB Leipzig,Vertrag­sop­tion ermöglicht Baku RB-Verlänge­rung,https://www.ligainsider.de/ridle-baku_15835/vertragsoption-ermoeglicht-baku-rb-verlaengerung-413198/,0,0,0
32581,Klostermann,RB Leipzig,Klostermann setzt erneut mit dem Training aus,https://www.ligainsider.de/lukas-klostermann_5622/klostermann-setzt-erneut-mit-dem-training-aus-415864/,0,0,0
32461,Henrichs,RB Leipzig,Guiu und El Aynaoui winkt direkt das RB-Debüt,https://www.ligainsider.de/marc-guiu_36753/guiu-und-el-aynaoui-winkt-direkt-das-rb-debuet-417561/,1,0,0
33837,Lukeba,RB Leipzig,Lukeba an­geschla­gen: Einsatz fraglich,https://www.ligainsider.de/castello-lukeba_27079/lukeba-angeschlagen-einsatz-fraglich-417605/,1,0,0
34185,Banzuzi,RB Leipzig,Banzuzi nutzt seine Chance unter Demichelis,https://www.ligainsider.de/ezechiel-banzuzi_38383/banzuzi-nutzt-seine-chance-unter-demichelis-416813/,0,0,0
34238,Maksimović,RB Leipzig,Demichelis traut Maksimović den Durchbruch zu,https://www.ligainsider.de/andrija-maksimovic_37867/demichelis-traut-maksimovi-den-durchbruch-zu-417570/,1,0,0
34348,Kaltefleiter,RB Leipzig,Kaltefleiter tei­lin­teg­riert zurück im Training,https://www.ligainsider.de/benno-kaltefleiter_38764/kaltefleiter-teilintegriert-zurueck-im-training-415788/,0,0,0
34042,Gebel,RB Leipzig,Kreuz­bandriss bei Leip­zig-Ta­lent Viggo Gebel,https://www.ligainsider.de/viggo-gebel_37240/kreuzbandriss-bei-leipzig-talent-viggo-gebel-403643/,0,0,0
34518,El Aynaoui,RB Leipzig,Guiu und El Aynaoui winkt direkt das RB-Debüt,https://www.ligainsider.de/marc-guiu_36753/guiu-und-el-aynaoui-winkt-direkt-das-rb-debuet-417561/,3,1,0
33991,Ouédraogo,RB Leipzig,Ouédraogo vor möglicher Ka­der-Rückkehr,https://www.ligainsider.de/assan-ouedraogo_36735/ouedraogo-vor-moeglicher-kader-rueckkehr-417566/,2,0,0
33769,Seiwald,RB Leipzig,Seiwald weckt Interesse beim Newcastle FC,https://www.ligainsider.de/nicolas-seiwald_24619/seiwald-weckt-interesse-beim-newcastle-fc-416416/,0,0,0
33695,Gruda,RB Leipzig,Gruda wackelt fürs Bun­desliga-Woche­nen­de,https://www.ligainsider.de/brajan-gruda_35733/gruda-wackelt-fuers-bundesliga-wochenende-417562/,1,0,0
32977,Baumgartner,RB Leipzig,RB Leipzig bis zur Länderspiel­pau­se ohne Baumgartner,https://www.ligainsider.de/christoph-baumgartner_18640/rb-leipzig-bis-zur-laenderspielpause-ohne-baumgartner-416105/,0,0,0
33353,Reitz,RB Leipzig,Reitz fällt mehrere Wochen aus,https://www.ligainsider.de/rocco-reitz_24546/reitz-faellt-mehrere-wochen-aus-417549/,1,0,0
34515,Guiu,RB Leipzig,Guiu und El Aynaoui winkt direkt das RB-Debüt,https://www.ligainsider.de/marc-guiu_36753/guiu-und-el-aynaoui-winkt-direkt-das-rb-debuet-417561/,3,1,0
33151,Nkunku,RB Leipzig,Demichelis lässt Star­telf-Fra­ge bei Nkunku offen,https://www.ligainsider.de/christopher-nkunku_12446/demichelis-laesst-startelf-frage-bei-nkunku-offen-417569/,2,0,0
34330,Sani,RB Leipzig,Nach nur sieben Monaten: Sani vor RB-Abschied,https://www.ligainsider.de/suleman-sani_38787/nach-nur-sieben-monaten-sani-vor-rb-abschied-417252/,1,1,0
34309,Konaté,RB Leipzig,Samba Konaté feiert Debüt bei den RB-Profis,https://www.ligainsider.de/samba-konate_38757/samba-konate-feiert-debuet-bei-den-rb-profis-405421/,0,0,0
34271,Rômulo,RB Leipzig,Rômulo vor Teilrückkehr ins Mannschafts­trai­ning,https://www.ligainsider.de/romulo-cardoso_38565/romulo-vor-teilrueckkehr-ins-mannschaftstraining-417564/,2,0,0
34240,Bakayoko,RB Leipzig,Florenz interessiert sich für Leipzigs Bakayoko,https://www.ligainsider.de/johan-bakayoko_35421/florenz-interessiert-sich-fuer-leipzigs-bakayoko-414470/,0,0,0
34116,T. Gomis,RB Leipzig,,,0,0,0
34039,Nusa,RB Leipzig,"Nusa im Rom-Visier, aber zu teuer – Bahoya als Plan B",https://www.ligainsider.de/antonio-nusa_37124/nusa-im-rom-visier-aber-zu-teuer-ndash-bahoya-als-plan-b-415605/,0,0,0
31827,Blaswich,Bayer 04 Leverkusen,Flekken ist Bayer Leverkusens Bun­des­liga-Kee­per,https://www.ligainsider.de/mark-flekken_4530/flekken-ist-bayer-leverkusens-bundesliga-keeper-417052/,1,0,0
32007,Lomb,Bayer 04 Leverkusen,Er­satztor­wart Lomb bleibt über den Sommer hinaus in Leverkusen,https://www.ligainsider.de/niklas-lomb_2226/ersatztorwart-lomb-bleibt-ueber-den-sommer-hinaus-in-leverkusen-355691/,0,0,0
32925,Flekken,Bayer 04 Leverkusen,Flekken ist Bayer Leverkusens Bun­des­liga-Kee­per,https://www.ligainsider.de/mark-flekken_4530/flekken-ist-bayer-leverkusens-bundesliga-keeper-417052/,1,0,0
34498,Medina,Bayer 04 Leverkusen,Medina für die Startelf wohl noch kein Thema,https://www.ligainsider.de/facundo-medina_36418/medina-fuer-die-startelf-wohl-noch-kein-thema-417065/,1,0,1
34496,Gutiérrez,Bayer 04 Leverkusen,Offiziell: Gutiérrez wechselt nach Leverkusen,https://www.ligainsider.de/miguel-gutierrez_24219/offiziell-gutierrez-wechselt-nach-leverkusen-415855/,0,0,0
34277,Lucas Vázquez,Bayer 04 Leverkusen,Vázquez denkt nicht an Abschied aus Leverkusen,https://www.ligainsider.de/lucas-vazquez_7631/vazquez-denkt-nicht-an-abschied-aus-leverkusen-416912/,0,0,0
34272,Badé,Bayer 04 Leverkusen,Badé hofft auf mehr Spielzeit unter Martínez,https://www.ligainsider.de/loic-bade_35823/bade-hofft-auf-mehr-spielzeit-unter-martinez-415306/,0,0,0
34217,Quansah,Bayer 04 Leverkusen,Später Einstieg: Quansah wohl noch kein Star­telf-Kan­di­dat,https://www.ligainsider.de/jarell-quansah_36489/spaeter-einstieg-quansah-wohl-noch-kein-startelf-kandidat-417060/,1,0,0
33630,Oermann,Bayer 04 Leverkusen,Vázquez denkt nicht an Abschied aus Leverkusen,https://www.ligainsider.de/lucas-vazquez_7631/vazquez-denkt-nicht-an-abschied-aus-leverkusen-416912/,0,0,0
34520,Doué,Bayer 04 Leverkusen,Neuzugang Doué trainiert zunächst individuell,https://www.ligainsider.de/guela-doue_35433/neuzugang-doue-trainiert-zunaechst-individuell-417506/,4,1,0
33207,Tapsoba,Bayer 04 Leverkusen,Tapsoba übernimmt Ka­pitänsbin­de von Andrich,https://www.ligainsider.de/edmond-tapsoba_19022/tapsoba-uebernimmt-kapitaensbinde-von-andrich-416608/,0,0,0
32080,J. Hofmann,Bayer 04 Leverkusen,,,0,0,0
32129,Andrich,Bayer 04 Leverkusen,Andrich-Verbleib bei Bayer 04 ist beschlossen,https://www.ligainsider.de/robert-andrich_2590/andrich-verbleib-bei-bayer-04-ist-beschlossen-417286/,3,0,0
34448,Eichhorn,Bayer 04 Leverkusen,Eichhorn-Ausfall ändert Leverkusens Transferpläne,https://www.ligainsider.de/kennet-eichhorn_38775/eichhorn-ausfall-aendert-leverkusens-transferplaene-415853/,0,0,0
34441,Berghoff,Bayer 04 Leverkusen,,,0,0,0
34289,Fernández,Bayer 04 Leverkusen,Fernández bleibt: Fokus liegt voll auf Bayer 04,https://www.ligainsider.de/equi-fernandez_38674/fernandez-bleibt-fokus-liegt-voll-auf-bayer-04-416449/,0,0,0
33530,Tillman,Bayer 04 Leverkusen,Tillman blickt kritisch auf erstes Lever­ku­sen-Jahr,https://www.ligainsider.de/malik-tillman_23862/tillman-blickt-kritisch-auf-erstes-leverkusen-jahr-415879/,0,0,0
33744,Maza,Bayer 04 Leverkusen,Interesse an Maza: Bayer 04 schiebt Verkauf Riegel vor,https://www.ligainsider.de/ibrahim-maza_35905/interesse-an-maza-bayer-04-schiebt-verkauf-riegel-vor-414226/,0,0,0
33853,Tella,Bayer 04 Leverkusen,Martínez erklärt Tel­la-Ausfall in Elversberg,https://www.ligainsider.de/nathan-tella_36300/martinez-erklaert-tella-ausfall-in-elversberg-417201/,1,0,0
33992,García,Bayer 04 Leverkusen,Eichhorn-Ausfall ändert Leverkusens Transferpläne,https://www.ligainsider.de/kennet-eichhorn_38775/eichhorn-ausfall-aendert-leverkusens-transferplaene-415853/,0,0,0
33179,Schick,Bayer 04 Leverkusen,Tapsoba übernimmt Ka­pitänsbin­de von Andrich,https://www.ligainsider.de/edmond-tapsoba_19022/tapsoba-uebernimmt-kapitaensbinde-von-andrich-416608/,0,0,0
33827,Boniface,Bayer 04 Leverkusen,Boniface spielt sich zurück in Leverkusens Gedanken,https://www.ligainsider.de/victor-boniface_35360/boniface-spielt-sich-zurueck-in-leverkusens-gedanken-416318/,0,0,0
34461,Moreira,Bayer 04 Leverkusen,Bayer Leverkusen verpflichtet Afonso Moreira,https://www.ligainsider.de/afonso-moreira_36841/bayer-leverkusen-verpflichtet-afonso-moreira-414353/,0,0,0
34433,Damjanović,Bayer 04 Leverkusen,,,0,0,0
34428,Bomba,Bayer 04 Leverkusen,,,0,0,0
34311,Culbreath,Bayer 04 Leverkusen,Culbreath hat frühere Rückkehr in Aussicht,https://www.ligainsider.de/montrell-culbreath_37258/culbreath-hat-fruehere-rueckkehr-in-aussicht-416611/,0,0,0
34024,Terrier,Bayer 04 Leverkusen,Terrier fällt gegen Elversberg aus,https://www.ligainsider.de/martin-terrier_21876/terrier-faellt-gegen-elversberg-aus-417063/,1,0,0
34234,Kofane,Bayer 04 Leverkusen,Aston Villa klopft wegen Kofane bei Bayer 04 an,https://www.ligainsider.de/christian-kofane_38550/aston-villa-klopft-wegen-kofane-bei-bayer-04-an-416864/,0,0,0
33122,Diaby,Bayer 04 Leverkusen,Leverkusen bestätigt Diaby-Rückkehr,https://www.ligainsider.de/moussa-diaby_20616/leverkusen-bestaetigt-diaby-rueckkehr-417417/,3,0,0
34285,Ben Seghir,Bayer 04 Leverkusen,Ben Seghir absolviert Großteile des Teamtrai­nings,https://www.ligainsider.de/eliesse-ben-seghir_35709/ben-seghir-absolviert-grossteile-des-teamtrainings-417511/,2,0,0
33747,Seimen,VfB Stuttgart,Seimen arbeitet auf Comeback im Oktober hin,https://www.ligainsider.de/dennis-seimen_35226/seimen-arbeitet-auf-comeback-im-oktober-hin-416800/,0,0,0
33401,M. Funk,VfB Stuttgart,,,0,0,0
32891,Bredlow,VfB Stuttgart,Hoeneß stärkt Bredlow den Rücken,https://www.ligainsider.de/fabian-bredlow_6395/hoeness-staerkt-bredlow-den-ruecken-416585/,0,0,0
33342,Drljača,VfB Stuttgart,Drljača fällt mit Mus­kelverlet­zung vorerst aus,https://www.ligainsider.de/stefan-drljaca_7606/drlja-a-faellt-mit-muskelverletzung-vorerst-aus-403448/,0,0,0
34115,Jeltsch,VfB Stuttgart,Jeltsch kehrt auf den Platz zurück,https://www.ligainsider.de/finn-jeltsch_36816/jeltsch-kehrt-auf-den-platz-zurueck-413438/,0,0,0
33552,Chabot,VfB Stuttgart,Beşiktaş blitzt mit Anfrage für Chabot bei Stuttgart ab,https://www.ligainsider.de/julian-chabot_12583/be-ikta-blitzt-mit-anfrage-fuer-chabot-bei-stuttgart-ab-415756/,0,0,0
34197,Assignon,VfB Stuttgart,Assignon zurück im Mannschafts­trai­ning,https://www.ligainsider.de/lorenz-assignon_25114/assignon-zurueck-im-mannschaftstraining-417539/,1,0,0
33850,Stergiou,VfB Stuttgart,Thun blitzt mit erstem Ster­giou-Ange­bot ab,https://www.ligainsider.de/leonidas-stergiou_36303/thun-blitzt-mit-erstem-stergiou-angebot-ab-415325/,0,0,0
34001,Hendriks,VfB Stuttgart,Hendriks zurück im Teamtraining,https://www.ligainsider.de/ramon-hendriks_23957/hendriks-zurueck-im-teamtraining-416774/,0,0,0
34050,Al-Dakhil,VfB Stuttgart,,,0,0,0
32880,Vagnoman,VfB Stuttgart,Wechsel vom Tisch: Vagnoman bleibt Stuttgart erhalten,https://www.ligainsider.de/josha-vagnoman_18427/wechsel-vom-tisch-vagnoman-bleibt-stuttgart-erhalten-417428/,4,1,0
34112,Jaquez,VfB Stuttgart,Jaquez nähert sich langsam dem Comeback,https://www.ligainsider.de/luca-jaquez_38305/jaquez-naehert-sich-langsam-dem-comeback-417538/,1,0,0
32773,Zagadou,VfB Stuttgart,Zagadou fällt mehrere Wochen aus,https://www.ligainsider.de/dan-axel-zagadou_12683/zagadou-faellt-mehrere-wochen-aus-416073/,0,0,0
32509,Mittelstädt,VfB Stuttgart,,,0,0,0
34074,Malanga,VfB Stuttgart,Elversberg verab­schie­det vier Spieler,https://www.ligainsider.de/daniel-pantschenko_37445/elversberg-verabschiedet-vier-spieler-413664/,0,0,0
34288,El Khannouss,VfB Stuttgart,El Khannouss entscheidet sich für VfB-Verbleib,https://www.ligainsider.de/bilal-el-khannouss_37086/el-khannouss-entscheidet-sich-fuer-vfb-verbleib-417375/,2,0,0
33437,Stiller,VfB Stuttgart,Stiller bleibt dem VfB wohl erhalten,https://www.ligainsider.de/angelo-stiller_20766/stiller-bleibt-dem-vfb-wohl-erhalten-415091/,0,0,0
33411,Leweling,VfB Stuttgart,Auch Leweling bleibt in Stuttgart,https://www.ligainsider.de/jamie-leweling_21336/auch-leweling-bleibt-in-stuttgart-417434/,5,0,0
34488,Yigit,VfB Stuttgart,,,0,0,0
33085,Karazor,VfB Stuttgart,Neuer VfB-Ka­pitän: Undav beerbt Karazor,https://www.ligainsider.de/deniz-undav_19154/neuer-vfb-kapitaen-undav-beerbt-karazor-416789/,0,0,0
32858,Führich,VfB Stuttgart,,,0,0,0
32830,Nartey,VfB Stuttgart,Nartey setzt Come­back-Ar­beit in Stuttgart fort,https://www.ligainsider.de/nikolas-nartey_13737/nartey-setzt-comeback-arbeit-in-stuttgart-fort-417543/,1,0,0
32492,Prömel,VfB Stuttgart,,,0,0,0
34320,Arévalo,VfB Stuttgart,Arévalo muss sich weiter gedulden,https://www.ligainsider.de/jeremy-arevalo_38747/arevalo-muss-sich-weiter-gedulden-417534/,1,0,0
34458,van der Leij,VfB Stuttgart,,,0,0,0
33832,Undav,VfB Stuttgart,Neuer VfB-Ka­pitän: Undav beerbt Karazor,https://www.ligainsider.de/deniz-undav_19154/neuer-vfb-kapitaen-undav-beerbt-karazor-416789/,0,0,0
33718,Diehl,VfB Stuttgart,Diehl vor Leihe zum VfL Osnabrück,https://www.ligainsider.de/justin-diehl_24547/diehl-vor-leihe-zum-vfl-osnabrueck-417412/,1,1,0
33657,Pejčinović,VfB Stuttgart,Pejčinović erhält Star­telfga­ran­tie gegen Bayern,https://www.ligainsider.de/dzenan-pejcinovic_26158/pej-inovi-erhaelt-startelfgarantie-gegen-bayern-416889/,0,0,0
33557,Tiago Tomás,VfB Stuttgart,Tomás fällt bis zur Länderspiel­pau­se aus,https://www.ligainsider.de/tiago-tomas_24512/tomas-faellt-bis-zur-laenderspielpause-aus-417535/,1,0,0
33311,Demirović,VfB Stuttgart,Hoeneß begrüßt Demiro­vić-Verbleib beim VfB,https://www.ligainsider.de/ermedin-demirovic_24166/hoeness-begruesst-demirovi-verbleib-beim-vfb-416890/,0,0,0
34491,Sauer,VfB Stuttgart,Sauer erstmals im VfB-Kader,https://www.ligainsider.de/leo-sauer_36387/sauer-erstmals-im-vfb-kader-417547/,1,0,0
31489,Baumann,TSG Hoffenheim,Philipp erhält im Pokal den Vorzug vor Baumann,https://www.ligainsider.de/luca-philipp_24129/philipp-erhaelt-im-pokal-den-vorzug-vor-baumann-416599/,0,0,0
33913,Petersson,TSG Hoffenheim,TSG verlängert mit Torhüter Petersson,https://www.ligainsider.de/lukas-petersson_37114/tsg-verlaengert-mit-torhueter-petersson-406899/,0,0,0
33313,Philipp,TSG Hoffenheim,Philipp erhält im Pokal den Vorzug vor Baumann,https://www.ligainsider.de/luca-philipp_24129/philipp-erhaelt-im-pokal-den-vorzug-vor-baumann-416599/,0,0,0
34340,Engelns,TSG Hoffenheim,Perspek­tivtransfer: TSG holt Engelns aus Paderborn,https://www.ligainsider.de/luis-engelns_37089/perspektivtransfer-tsg-holt-engelns-aus-paderborn-408252/,0,0,0
34275,Hajdari,TSG Hoffenheim,Offiziell: Hajdari verlängert bei der TSG Hoffenheim,https://www.ligainsider.de/albian-hajdari_37227/offiziell-hajdari-verlaengert-bei-der-tsg-hoffenheim-412333/,0,0,0
34446,Rots,TSG Hoffenheim,Bernardo meldet sich für Köln zurück,https://www.ligainsider.de/bernardo_11324/bernardo-meldet-sich-fuer-koeln-zurueck-417046/,1,0,0
34457,Dulic,TSG Hoffenheim,Perspek­tivspie­ler Dulic un­terschreibt in Hoffenheim,https://www.ligainsider.de/sean-dulic_38904/perspektivspieler-dulic-unterschreibt-in-hoffenheim-414315/,0,0,0
34213,Machida,TSG Hoffenheim,Ex-Münchner Tel glänzt: TSG verliert bei Tottenham,https://www.ligainsider.de/tsg-hoffenheim/10/ex-muenchner-tel-glaenzt-tsg-verliert-bei-tottenham-416249/,0,0,0
34062,Chaves,TSG Hoffenheim,Chaves vor Wechsel zu Botafogo,https://www.ligainsider.de/arthur-chaves_37533/chaves-vor-wechsel-zu-botafogo-417437/,1,1,0
34051,Gendrey,TSG Hoffenheim,Gendrey feiert Comeback nach langer Pause,https://www.ligainsider.de/valentin-gendrey_35971/gendrey-feiert-comeback-nach-langer-pause-415209/,0,0,0
34048,Hranáč,TSG Hoffenheim,Ilzer lobt Qualität von Bernardo als Stabi­litäts­fak­tor,https://www.ligainsider.de/bernardo_11324/ilzer-lobt-qualitaet-von-bernardo-als-stabilitaetsfaktor-413039/,0,0,0
34257,Coufal,TSG Hoffenheim,Die Null als „Basis“: Ilzer schraubt an defensiver Sicherheit,https://www.ligainsider.de/albian-hajdari_37227/die-null-als-bdquo-basis-ldquo-ilzer-schraubt-an-defensiver-sicherheit-412028/,0,0,0
34487,Abraha,TSG Hoffenheim,Hoffen­heim-Ta­lent Abraha verlängert langfristig,https://www.ligainsider.de/natnael-abraha_38435/hoffenheim-talent-abraha-verlaengert-langfristig-415668/,0,0,0
32693,Bernardo,TSG Hoffenheim,Bernardo meldet sich für Köln zurück,https://www.ligainsider.de/bernardo_11324/bernardo-meldet-sich-fuer-koeln-zurueck-417046/,1,0,0
33026,Kabak,TSG Hoffenheim,Die Null als „Basis“: Ilzer schraubt an defensiver Sicherheit,https://www.ligainsider.de/albian-hajdari_37227/die-null-als-bdquo-basis-ldquo-ilzer-schraubt-an-defensiver-sicherheit-412028/,0,0,0
34474,De Cat,TSG Hoffenheim,TSG-Neuzu­gang De Cat besitzt Ausstiegsklau­sel,https://www.ligainsider.de/nathan-de-cat_38750/tsg-neuzugang-de-cat-besitzt-ausstiegsklausel-415359/,0,0,0
32553,Kramarić,TSG Hoffenheim,Kramarić kehrt auf den Platz zurück,https://www.ligainsider.de/andrej-kramaric_2439/kramari-kehrt-auf-den-platz-zurueck-417171/,2,0,0
34034,Prass,TSG Hoffenheim,Prass verpasst auch den Bun­des­li­ga-Auftakt,https://www.ligainsider.de/alexander-prass_27057/prass-verpasst-auch-den-bundesliga-auftakt-417045/,1,0,0
34242,Burger,TSG Hoffenheim,Offiziell: Burger verlängert bei der TSG,https://www.ligainsider.de/wouter-burger_22632/offiziell-burger-verlaengert-bei-der-tsg-415819/,0,0,0
34202,Avdullahu,TSG Hoffenheim,Offiziell: TSG verlängert vorzeitig mit Avdullahu,https://www.ligainsider.de/leon-avdullahu_38223/offiziell-tsg-verlaengert-vorzeitig-mit-avdullahu-412553/,0,0,0
34128,Lenz,TSG Hoffenheim,Video: Macht Lenz Druck auf Avdullahu?,https://www.ligainsider.de/cajetan-lenz_37065/video-macht-lenz-druck-auf-avdullahu-413566/,0,0,0
33857,Conté,TSG Hoffenheim,Hložek meldet sich in starker Verfassung zurück,https://www.ligainsider.de/adam-hlozek_24095/hlo-ek-meldet-sich-in-starker-verfassung-zurueck-417050/,1,0,0
34064,Micheler,TSG Hoffenheim,,,0,0,0
33536,Asllani,TSG Hoffenheim,Asllani gegen Köln noch keine Option,https://www.ligainsider.de/fisnik-asllani_21986/asllani-gegen-koeln-noch-keine-option-417049/,1,0,0
33885,Moerstedt,TSG Hoffenheim,Ilzer lobt Moerstedt trotz Elfme­ter-Fehlschuss,https://www.ligainsider.de/max-moerstedt_36318/ilzer-lobt-moerstedt-trotz-elfmeter-fehlschuss-417222/,2,0,0
33619,Hložek,TSG Hoffenheim,Hložek meldet sich in starker Verfassung zurück,https://www.ligainsider.de/adam-hlozek_24095/hlo-ek-meldet-sich-in-starker-verfassung-zurueck-417050/,1,0,0
34336,Fields,TSG Hoffenheim,,,0,0,0
34294,Daghim,TSG Hoffenheim,Hložek meldet sich in starker Verfassung zurück,https://www.ligainsider.de/adam-hlozek_24095/hlo-ek-meldet-sich-in-starker-verfassung-zurueck-417050/,1,0,0
33270,Lemperle,TSG Hoffenheim,Lemperle verlängert in Hoffenheim,https://www.ligainsider.de/tim-lemperle_23854/lemperle-verlaengert-in-hoffenheim-413622/,0,0,0
33507,Wimmer,TSG Hoffenheim,Ilzer erklärt Wim­mer-Vor­zug im Pokal,https://www.ligainsider.de/patrick-wimmer_26236/ilzer-erklaert-wimmer-vorzug-im-pokal-416696/,0,0,0
33647,Backhaus,Sport-Club Freiburg,Freiburg stärkt Backhaus nach Patzer den Rücken,https://www.ligainsider.de/mio-backhaus_27467/freiburg-staerkt-backhaus-nach-patzer-den-ruecken-417037/,1,0,0
32506,Huth,Sport-Club Freiburg,Huth verlängert in Freiburg,https://www.ligainsider.de/jannik-huth_6540/huth-verlaengert-in-freiburg-413838/,0,0,0
32656,F. Müller,Sport-Club Freiburg,,,0,0,0
33815,Rosenfelder,Sport-Club Freiburg,Rosenfelder steht wieder voll zur Verfügung,https://www.ligainsider.de/max-rosenfelder_26203/rosenfelder-steht-wieder-voll-zur-verfuegung-416908/,0,0,0
33829,Makengo,Sport-Club Freiburg,Monaco zieht sich aus Maken­go-Po­ker zurück,https://www.ligainsider.de/jordy-makengo_26088/monaco-zieht-sich-aus-makengo-poker-zurueck-417127/,1,0,0
33947,Treu,Sport-Club Freiburg,Treu oder Kübler? Schuster erklärt das enge Duell,https://www.ligainsider.de/philipp-treu_20344/treu-oder-kuebler-schuster-erklaert-das-enge-duell-417571/,1,0,0
34020,Yılmaz,Sport-Club Freiburg,,,0,0,0
34021,Ogbus,Sport-Club Freiburg,Ogbus oder Lienhart? Schuster eröffnet Kon­kur­renzkampf,https://www.ligainsider.de/philipp-lienhart_13911/ogbus-oder-lienhart-schuster-eroeffnet-konkurrenzkampf-411270/,0,0,0
32807,Lienhart,Sport-Club Freiburg,Lienhart beendet Europa-Lea­gue-Par­tie mit Krämpfen,https://www.ligainsider.de/philipp-lienhart_13911/lienhart-beendet-europa-league-partie-mit-kraempfen-411987/,0,0,0
32597,Kübler,Sport-Club Freiburg,,,0,0,0
32579,Jung,Sport-Club Freiburg,SC Freiburg verlängert mit Jung,https://www.ligainsider.de/anthony-jung_2245/sc-freiburg-verlaengert-mit-jung-413809/,0,0,0
32019,Günter,Sport-Club Freiburg,,,0,0,0
31910,Ginter,Sport-Club Freiburg,Ginter gibt Entwarnung nach Auswechslung,https://www.ligainsider.de/matthias-ginter_1835/ginter-gibt-entwarnung-nach-auswechslung-413192/,0,0,0
34184,Suzuki,Sport-Club Freiburg,Gutes Zeichen: WM-Nominie­rung für verletzten Suzuki,https://www.ligainsider.de/yuito-suzuki_37105/gutes-zeichen-wm-nominierung-fuer-verletzten-suzuki-413400/,0,0,0
34361,Tarnutzer,Sport-Club Freiburg,Trio um Steinmann gegen Motherwell keine Option,https://www.ligainsider.de/karl-steinmann_37271/trio-um-steinmann-gegen-motherwell-keine-option-416506/,0,0,0
34437,Yamamoto,Sport-Club Freiburg,Yamamotos Weg führt wohl zunächst über die U23,https://www.ligainsider.de/rihito-yamamoto_38872/yamamotos-weg-fuehrt-wohl-zunaechst-ueber-die-u23-416915/,0,0,0
32961,Beste,Sport-Club Freiburg,Beste zurück im Freiburger Teamtraining,https://www.ligainsider.de/niklas-beste_14520/beste-zurueck-im-freiburger-teamtraining-417530/,2,0,0
32071,Grifo,Sport-Club Freiburg,Rekordmann Grifo bleibt dem Sport-Club erhalten,https://www.ligainsider.de/vincenzo-grifo_2361/rekordmann-grifo-bleibt-dem-sport-club-erhalten-416476/,0,0,0
33603,Y. Engelhardt,Sport-Club Freiburg,,,0,0,0
33156,Osterhage,Sport-Club Freiburg,Osterhage weiterhin nicht im Teamtraining,https://www.ligainsider.de/patrick-osterhage_20826/osterhage-weiterhin-nicht-im-teamtraining-417568/,1,0,0
33008,Muslija,Sport-Club Freiburg,Offiziell: Muslija wechselt nach Düsseldorf,https://www.ligainsider.de/florent-muslija_13863/offiziell-muslija-wechselt-nach-duesseldorf-400117/,0,0,0
32398,M. Eggestein,Sport-Club Freiburg,,,0,0,0
32861,Höler,Sport-Club Freiburg,,,0,0,0
34183,Irié,Sport-Club Freiburg,Irié un­terstreicht seinen Aufwärts­trend,https://www.ligainsider.de/cyriaque-irie_38409/irie-unterstreicht-seinen-aufwaertstrend-417038/,1,0,0
33783,Matanović,Sport-Club Freiburg,Keine Startelf für Matanović wegen Länderspie­len,https://www.ligainsider.de/igor-matanovic_25780/keine-startelf-fuer-matanovi-wegen-laenderspielen-411374/,0,0,0
33629,Scherhant,Sport-Club Freiburg,Scherhant glänzt und sammelt weiter Scorerpunkte,https://www.ligainsider.de/derry-scherhant_27532/scherhant-glaenzt-und-sammelt-weiter-scorerpunkte-417036/,1,0,0
34451,Goto,Sport-Club Freiburg,SC Freiburg verpflichtet Keisuke Goto,https://www.ligainsider.de/keisuke-goto_38267/sc-freiburg-verpflichtet-keisuke-goto-414158/,0,0,0
31458,Grahl,Eintracht Frankfurt,Grahl arbeitet weiter individuell,https://www.ligainsider.de/jens-grahl_727/grahl-arbeitet-weiter-individuell-413228/,0,0,0
33439,Atubolu,Eintracht Frankfurt,Atubolu überzeugt als Frankfurts neue Nummer eins,https://www.ligainsider.de/noah-atubolu_22000/atubolu-ueberzeugt-als-frankfurts-neue-nummer-eins-417172/,2,1,0
34073,Siljević,Eintracht Frankfurt,Eintracht verlängert mit Talent Šiljević,https://www.ligainsider.de/amil-siljevic_38182/eintracht-verlaengert-mit-talent-siljevi-414311/,0,0,0
33855,Kauã Santos,Eintracht Frankfurt,Atubolu überzeugt als Frankfurts neue Nummer eins,https://www.ligainsider.de/noah-atubolu_22000/atubolu-ueberzeugt-als-frankfurts-neue-nummer-eins-417172/,1,0,0
34310,Neuendorff,Eintracht Frankfurt,,,0,0,0
34221,Maluze,Eintracht Frankfurt,SGE-Talent Maluze: Neuer Vertrag zum Bun­des­li­ga-Debüt,https://www.ligainsider.de/jeremiaha-maluze_38581/sge-talent-maluze-neuer-vertrag-zum-bundesliga-debuet-417165/,1,0,0
34313,Kosugi,Eintracht Frankfurt,Kosugi startet auffällig in die Vorbereitung,https://www.ligainsider.de/keita-kosugi_38762/kosugi-startet-auffaellig-in-die-vorbereitung-415540/,0,0,0
34511,Brassier,Eintracht Frankfurt,Eintracht macht Bras­sier-Transfer offiziell,https://www.ligainsider.de/lilian-brassier_24489/eintracht-macht-brassier-transfer-offiziell-417350/,2,1,0
33869,Baum,Eintracht Frankfurt,Frankfurt nimmt Abstand von Gaaei-Transfer,https://www.ligainsider.de/anton-gaaei_36606/frankfurt-nimmt-abstand-von-gaaei-transfer-416182/,0,0,0
34490,Otávio,Eintracht Frankfurt,Otávio noch nicht in Top-Verfas­sung,https://www.ligainsider.de/otavio_39011/otavio-noch-nicht-in-top-verfassung-415986/,0,0,0
33836,Collins,Eintracht Frankfurt,Col­lins-Rückkehr nimmt noch Zeit in Anspruch,https://www.ligainsider.de/nnamdi-collins_24116/collins-rueckkehr-nimmt-noch-zeit-in-anspruch-416483/,0,0,0
32836,Koch,Eintracht Frankfurt,Koch meldet sich im Teamtraining zurück,https://www.ligainsider.de/robin-koch_12490/koch-meldet-sich-im-teamtraining-zurueck-416481/,0,0,0
34493,Onyedika,Eintracht Frankfurt,Offiziell: Eintracht verpflichtet Onyedika,https://www.ligainsider.de/raphael-onyedika_26786/offiziell-eintracht-verpflichtet-onyedika-415735/,0,0,0
31572,Götze,Eintracht Frankfurt,,,0,0,0
34314,Arrhov,Eintracht Frankfurt,Hütter plant fest mit Arrhov,https://www.ligainsider.de/love-arrhov_38440/huetter-plant-fest-mit-arrhov-416036/,0,0,0
31743,Chandler,Eintracht Frankfurt,Chandler zurück im Trai­ningsbet­rieb,https://www.ligainsider.de/timothy-chandler_643/chandler-zurueck-im-trainingsbetrieb-416854/,0,0,0
34312,Kumashiro,Eintracht Frankfurt,,,0,0,0
34008,Uzun,Eintracht Frankfurt,Hütter heizt Kon­kur­renzkampf auf der Zehn an,https://www.ligainsider.de/ayoube-amaimouni-echghouyab_38710/huetter-heizt-konkurrenzkampf-auf-der-zehn-an-416777/,0,0,0
33856,Chaïbi,Eintracht Frankfurt,Chaïbi verhandelt mit Premier-League-Ve­rein,https://www.ligainsider.de/fares-chaibi_35910/chaibi-verhandelt-mit-premier-league-verein-417316/,1,0,0
34019,O. Højlund,Eintracht Frankfurt,,,0,0,0
33335,Doan,Eintracht Frankfurt,Dōan steht wieder zur Verfügung,https://www.ligainsider.de/ritsu-doan_22974/d-an-steht-wieder-zur-verfuegung-417419/,4,1,0
33912,Aséko,Eintracht Frankfurt,Aséko winkt Kaderplatz gegen Union,https://www.ligainsider.de/noel-aseko_36931/aseko-winkt-kaderplatz-gegen-union-417001/,0,0,0
33383,Knauff,Eintracht Frankfurt,Knauff könnte in rund zwei Wochen zurückkeh­ren,https://www.ligainsider.de/ansgar-knauff_24398/knauff-koennte-in-rund-zwei-wochen-zurueckkehren-416993/,0,0,0
34465,Pimpong,Eintracht Frankfurt,Offiziell: Frankfurt holt Talent Pimpong aus Dänemark,https://www.ligainsider.de/malik-pimpong_38920/offiziell-frankfurt-holt-talent-pimpong-aus-daenemark-414609/,0,0,0
34318,Amaimouni-Echghouyab,Eintracht Frankfurt,,,0,0,0
34316,Ebnoutalib,Eintracht Frankfurt,Hütter sieht Ebnoutalib und Burkardt als Match,https://www.ligainsider.de/younes-ebnoutalib_38489/huetter-sieht-ebnoutalib-und-burkardt-als-match-416491/,0,0,0
33214,Ngankam,Eintracht Frankfurt,Ngankam verletzt: SGE-Abgang geplatzt?,https://www.ligainsider.de/jessic-ngankam_20484/ngankam-verletzt-sge-abgang-geplatzt-415944/,0,0,0
32948,Burkardt,Eintracht Frankfurt,Hütter plant für Union-Spiel mit Burkardt,https://www.ligainsider.de/jonathan-burkardt_19272/huetter-plant-fuer-union-spiel-mit-burkardt-417000/,0,0,0
33990,Labrović,FC Augsburg,Labrović fehlt Augsburg aus privaten Gründen,https://www.ligainsider.de/nediljko-labrovic_37153/labrovi-fehlt-augsburg-aus-privaten-gruenden-411717/,0,0,0
32877,Dahmen,FC Augsburg,RB Leipzig klopft bei FCA wegen Dahmen an,https://www.ligainsider.de/finn-dahmen_18728/rb-leipzig-klopft-bei-fca-wegen-dahmen-an-415479/,0,0,0
34363,Wisbereit,FC Augsburg,FCA verpflichtet Tor­wartta­lent Wisbereit,https://www.ligainsider.de/tom-wisbereit_38837/fca-verpflichtet-torwarttalent-wisbereit-415067/,0,0,0
34522,Bah,FC Augsburg,FCA bestätigt Verpflichtung von Verteidiger Bah,https://www.ligainsider.de/juma-bah_39047/fca-bestaetigt-verpflichtung-von-verteidiger-bah-417441/,2,1,0
34017,N. Banks,FC Augsburg,,,0,0,0
34057,Matsima,FC Augsburg,Fulham beschäftigt sich mit Matsima,https://www.ligainsider.de/chrislain-matsima_26695/fulham-beschaeftigt-sich-mit-matsima-417352/,1,0,0
34106,Behrens,FC Augsburg,Kade glänzt gegen Schalke – Baum lobt Defensive,https://www.ligainsider.de/anton-kade_26138/kade-glaenzt-gegen-schalke-ndash-baum-lobt-defensive-417269/,1,0,0
34351,Schnitzer,FC Augsburg,Schnitzer feiert Profidebüt beim FCA,https://www.ligainsider.de/tim-schnitzer_38168/schnitzer-feiert-profidebuet-beim-fca-410000/,0,0,0
34438,Brackelmann,FC Augsburg,Brackelmann meldet sich im FCA-Training zurück,https://www.ligainsider.de/calvin-brackelmann_12771/brackelmann-meldet-sich-im-fca-training-zurueck-417587/,3,0,0
34510,Seol,FC Augsburg,FCA-Neuzu­gang Seol ist sofort ein­satzbe­reit,https://www.ligainsider.de/youngwoo-seol_37667/fca-neuzugang-seol-ist-sofort-einsatzbereit-417074/,1,0,0
33969,Suso,FC Augsburg,Pokal kommt für Trai­ningsrückkeh­rer Suso zu früh,https://www.ligainsider.de/sima-suso_36794/pokal-kommt-fuer-trainingsrueckkehrer-suso-zu-frueh-416544/,0,0,0
32546,Wolf,FC Augsburg,Wolf muss FCA-Training vorzeitig beenden,https://www.ligainsider.de/marius-wolf_5670/wolf-muss-fca-training-vorzeitig-beenden-415384/,0,0,0
32549,Gouweleeuw,FC Augsburg,Gouweleeuw wieder bereit – Startelf offen,https://www.ligainsider.de/jeffrey-gouweleeuw_1851/gouweleeuw-wieder-bereit-ndash-startelf-offen-417067/,1,0,1
33914,Kücüksahin,FC Augsburg,,,0,0,0
33211,Keitel,FC Augsburg,Erneute Leihe: Keitel bleibt in Augsburg,https://www.ligainsider.de/yannik-keitel_22010/erneute-leihe-keitel-bleibt-in-augsburg-414448/,0,0,0
33517,Jakić,FC Augsburg,Jakić könnte Augsburg noch verlassen,https://www.ligainsider.de/kristijan-jakic_24599/jaki-koennte-augsburg-noch-verlassen-417487/,2,0,0
34236,Massengo,FC Augsburg,Augsburg geht im Test mit 0:4 unter,https://www.ligainsider.de/han-noah-massengo_35978/augsburg-geht-im-test-mit-0-4-unter-416275/,0,0,0
34171,Fellhauer,FC Augsburg,Fellhauer tritt angeschlagen kürzer,https://www.ligainsider.de/robin-fellhauer_24864/fellhauer-tritt-angeschlagen-kuerzer-415385/,0,0,0
33564,Kade,FC Augsburg,Kade fehlt angeschlagen im Teamtraining,https://www.ligainsider.de/anton-kade_26138/kade-fehlt-angeschlagen-im-teamtraining-417584/,2,0,0
34069,Sakar,FC Augsburg,Augsburg verpflichtet Talent Sakar ablösefrei,https://www.ligainsider.de/faik-sakar_37237/augsburg-verpflichtet-talent-sakar-abloesefrei-412288/,0,0,0
34063,Claude-Maurice,FC Augsburg,,,0,0,0
33713,Ibrahimović,FC Augsburg,Mit Option: Bayern verleiht Ibrahimović an den FC Augsburg,https://www.ligainsider.de/arijon-ibrahimovic_27354/mit-option-bayern-verleiht-ibrahimovi-an-den-fc-augsburg-417424/,2,1,0
33808,Breithaupt,FC Augsburg,Breithaupt fällt gegen Schalke aus,https://www.ligainsider.de/tim-breithaupt_25618/breithaupt-faellt-gegen-schalke-aus-417069/,1,0,0
33997,Rieder,FC Augsburg,Rieder glänzt auch gegen die Eintracht als Sechser,https://www.ligainsider.de/fabian-rieder_25579/rieder-glaenzt-auch-gegen-die-eintracht-als-sechser-412441/,0,0,0
33736,Kömür,FC Augsburg,,,0,0,0
34012,Mounié,FC Augsburg,Aufbaup­rog­ramm: Mounié reist nicht ins Trainingsla­ger,https://www.ligainsider.de/steve-mounie_14079/aufbauprogramm-mounie-reist-nicht-ins-trainingslager-415656/,0,0,0
34345,Onoda,FC Augsburg,,,0,0,0
34344,Ogundu,FC Augsburg,Hürden erwünscht: FCA-Talente mit schwerem Stand,https://www.ligainsider.de/mert-koemuer_27169/huerden-erwuenscht-fca-talente-mit-schwerem-stand-412297/,0,0,0
34331,Ribeiro,FC Augsburg,Augsburg dreht Partie gegen Sassuolo,https://www.ligainsider.de/fc-augsburg/21/augsburg-dreht-partie-gegen-sassuolo-415988/,0,0,0
31958,Gregoritsch,FC Augsburg,FCA zieht Kaufoption für Gregoritsch,https://www.ligainsider.de/michael-gregoritsch_1512/fca-zieht-kaufoption-fuer-gregoritsch-414192/,0,0,0
34464,Kinzig,1. FSV Mainz 05,Mainz belohnt Kinzig mit Profi-Vertrag,https://www.ligainsider.de/maximilian-kinzig_34997/mainz-belohnt-kinzig-mit-profi-vertrag-414623/,0,0,0
31774,Schwolow,1. FSV Mainz 05,Offiziell: Mainz verpflichtet Torhüter Schwolow,https://www.ligainsider.de/alexander-schwolow_1781/offiziell-mainz-verpflichtet-torhueter-schwolow-415174/,0,0,0
32364,Zentner,1. FSV Mainz 05,Batz erhält Star­telfga­ran­tie gegen Heidenheim!,https://www.ligainsider.de/daniel-batz_499/batz-erhaelt-startelfgarantie-gegen-heidenheim-413176/,0,0,0
31666,Bell,1. FSV Mainz 05,Vertrag bis 2027: Bell straft Kritiker einmal mehr Lügen,https://www.ligainsider.de/stefan-bell_521/vertrag-bis-2027-bell-straft-kritiker-einmal-mehr-luegen-413313/,0,0,0
34454,Gruber,1. FSV Mainz 05,Mainz verpflichtet Fabio Gruber,https://www.ligainsider.de/fabio-gruber_26579/mainz-verpflichtet-fabio-gruber-414201/,0,0,0
34307,Potulski,1. FSV Mainz 05,Potulski kehrt ins Training zurück,https://www.ligainsider.de/kacper-potulski_38608/potulski-kehrt-ins-training-zurueck-415536/,0,0,0
33577,Caci,1. FSV Mainz 05,Caci will Rückstand im Sommer weiter aufholen,https://www.ligainsider.de/anthony-caci_26102/caci-will-rueckstand-im-sommer-weiter-aufholen-413404/,0,0,0
33478,Widmer,1. FSV Mainz 05,Widmer beendet Karriere im Nationalteam,https://www.ligainsider.de/silvan-widmer_1938/widmer-beendet-karriere-im-nationalteam-417282/,1,0,0
34509,Nakuzola,1. FSV Mainz 05,Nakuzola erstmals im Profi-Kader,https://www.ligainsider.de/rael-nakuzola_38930/nakuzola-erstmals-im-profi-kader-416726/,0,0,0
31762,da Costa,1. FSV Mainz 05,Fischer vorsichtig optimistisch bei da Costa,https://www.ligainsider.de/danny-da-costa_650/fischer-vorsichtig-optimistisch-bei-da-costa-413309/,0,0,0
31959,Kohr,1. FSV Mainz 05,Untersuchung bestätigt: Kohr fehlt Mainz vorerst,https://www.ligainsider.de/dominik-kohr_1821/untersuchung-bestaetigt-kohr-fehlt-mainz-vorerst-417347/,3,1,0
32178,Mwene,1. FSV Mainz 05,Mwe­ne-Ein­satz fraglich – Fischer mit Update,https://www.ligainsider.de/phillipp-mwene_2723/mwene-einsatz-fraglich-ndash-fischer-mit-update-411939/,0,0,0
32786,Posch,1. FSV Mainz 05,Kein Einsatz: Fischer setzt bei Posch auf Geduld,https://www.ligainsider.de/stefan-posch_12798/kein-einsatz-fischer-setzt-bei-posch-auf-geduld-417234/,1,0,0
33093,Maloney,1. FSV Mainz 05,Maloney pausiert krankheits­be­dingt,https://www.ligainsider.de/lennard-maloney_15833/maloney-pausiert-krankheitsbedingt-415799/,0,0,0
34467,Ruoppi,1. FSV Mainz 05,Mainz verpflichtet Ruoppi – und verleiht ihn zurück,https://www.ligainsider.de/otto-ruoppi_38812/mainz-verpflichtet-ruoppi-ndash-und-verleiht-ihn-zurueck-408297/,0,0,0
34231,Kawasaki,1. FSV Mainz 05,Mainz zieht Kaufoption für Kawasaki,https://www.ligainsider.de/sota-kawasaki_38606/mainz-zieht-kaufoption-fuer-kawasaki-411031/,0,0,0
34009,Sano,1. FSV Mainz 05,Kaishu Sano bleibt Mainz 05 erhalten,https://www.ligainsider.de/kaishu-sano_36958/kaishu-sano-bleibt-mainz-05-erhalten-417456/,3,1,0
33477,Lee,1. FSV Mainz 05,Lee nach Verletzung zurück auf dem Feld,https://www.ligainsider.de/jaesung-lee_21202/lee-nach-verletzung-zurueck-auf-dem-feld-413161/,0,0,0
32395,Amiri,1. FSV Mainz 05,Amiri verkündet Verbleib bei Mainz,https://www.ligainsider.de/nadiem-amiri_5815/amiri-verkuendet-verbleib-bei-mainz-415727/,0,0,0
33356,Martel,1. FSV Mainz 05,Martel treibt Comeback auf dem Platz voran,https://www.ligainsider.de/eric-martel_20728/martel-treibt-comeback-auf-dem-platz-voran-417180/,1,0,0
33296,Nebel,1. FSV Mainz 05,Verletzung setzt Nebel vorerst außer Gefecht,https://www.ligainsider.de/paul-nebel_20674/verletzung-setzt-nebel-vorerst-ausser-gefecht-415934/,0,0,0
33135,S. Becker,1. FSV Mainz 05,,,0,0,0
33247,Silas,1. FSV Mainz 05,Mainz bestätigt Verlänge­rung mit Silas,https://www.ligainsider.de/silas_21594/mainz-bestaetigt-verlaengerung-mit-silas-414285/,0,0,0
34429,A. Haidara,1. FSV Mainz 05,,,0,0,0
34308,Moreno Fell,1. FSV Mainz 05,,,0,0,0
33070,Tietz,1. FSV Mainz 05,Tietz mit Rückenprob­le­men aus­ge­wechselt,https://www.ligainsider.de/phillip-tietz_7480/tietz-mit-rueckenproblemen-ausgewechselt-413467/,0,0,0
34158,Königsdörffer,1. FSV Mainz 05,,,0,0,0
33830,Hollerbach,1. FSV Mainz 05,Hollerbach bekommt Spielzeit in der U23,https://www.ligainsider.de/benedict-hollerbach_24960/hollerbach-bekommt-spielzeit-in-der-u23-417079/,1,0,0
34032,Klaus,1. FC Union Berlin,Lustrinelli schenkt Raab das Vertrauen,https://www.ligainsider.de/matheo-raab_11224/lustrinelli-schenkt-raab-das-vertrauen-416751/,0,0,0
34144,Raab,1. FC Union Berlin,Kampfansage: Raab will Nummer eins bei Union werden,https://www.ligainsider.de/matheo-raab_11224/kampfansage-raab-will-nummer-eins-bei-union-werden-416906/,0,0,0
32921,Rönnow,1. FC Union Berlin,,,0,0,0
34061,Köhn,1. FC Union Berlin,,,0,0,0
33720,Juranović,1. FC Union Berlin,Juranović hat bei Union die Nase vorn,https://www.ligainsider.de/josip-juranovic_26979/juranovi-hat-bei-union-die-nase-vorn-416753/,0,0,0
33669,Nsoki,1. FC Union Berlin,Mus­kelverlet­zung: Nsoki fehlt zum Saisonstart,https://www.ligainsider.de/stanley-nsoki_18802/muskelverletzung-nsoki-fehlt-zum-saisonstart-416372/,0,0,0
33567,Rothe,1. FC Union Berlin,Rothe und Köhn kämpfen um Star­telfplatz,https://www.ligainsider.de/tom-rothe_26243/rothe-und-koehn-kaempfen-um-startelfplatz-412228/,0,0,0
34214,Markgraf,1. FC Union Berlin,Union bestätigt schwere Markgraf-Ver­let­zung,https://www.ligainsider.de/andrik-markgraf_38588/union-bestaetigt-schwere-markgraf-verletzung-415094/,0,0,0
33096,Trimmel,1. FC Union Berlin,Juranović hat bei Union die Nase vorn,https://www.ligainsider.de/josip-juranovic_26979/juranovi-hat-bei-union-die-nase-vorn-416753/,0,0,0
32801,Uduokhai,1. FC Union Berlin,Uduokhai könnte direkt zum Kader gehören,https://www.ligainsider.de/felix-uduokhai_7041/uduokhai-koennte-direkt-zum-kader-gehoeren-416985/,0,0,0
34455,Van Den Bosch,1. FC Union Berlin,Offiziell: Union verpflichtet Van Den Bosch,https://www.ligainsider.de/zeno-van-den-bosch_25990/offiziell-union-verpflichtet-van-den-bosch-414243/,0,0,0
32311,M. Friedrich,1. FC Union Berlin,,,0,0,0
33995,Querfeld,1. FC Union Berlin,Querfeld zeigt starke Reaktion nach Patzer,https://www.ligainsider.de/leopold-querfeld_27234/querfeld-zeigt-starke-reaktion-nach-patzer-417228/,1,0,0
34191,Burcu,1. FC Union Berlin,Nach Köln-Tor: Burcu drängt in die Anfangsfor­ma­tion,https://www.ligainsider.de/livan-burcu_36114/nach-koeln-tor-burcu-draengt-in-die-anfangsformation-413024/,0,0,0
34358,Güther,1. FC Union Berlin,,,0,0,0
34506,Aebischer,1. FC Union Berlin,Aebischer könnte direkt in den Union-Kader rücken,https://www.ligainsider.de/michel-aebischer_12508/aebischer-koennte-direkt-in-den-union-kader-ruecken-416617/,0,0,0
32073,Khedira,1. FC Union Berlin,Nach Gerüchten: Khedira bleibt Union erhalten,https://www.ligainsider.de/rani-khedira_2122/nach-geruechten-khedira-bleibt-union-erhalten-416424/,0,0,0
32310,Haberer,1. FC Union Berlin,Union-Quar­tett vor ungewisser Zukunft,https://www.ligainsider.de/janik-haberer_3616/union-quartett-vor-ungewisser-zukunft-415618/,0,0,0
33035,Jeong,1. FC Union Berlin,Jeong feiert Comeback gegen Mainz,https://www.ligainsider.de/wooyeong-jeong_14145/jeong-feiert-comeback-gegen-mainz-413159/,0,0,0
33158,Skov,1. FC Union Berlin,Skov verpasst Pflichts­pie­lauftakt von Union,https://www.ligainsider.de/robert-skov_18702/skov-verpasst-pflichtspielauftakt-von-union-416615/,0,0,0
33550,Schäfer,1. FC Union Berlin,,,0,0,0
33821,Kemlein,1. FC Union Berlin,Wa­chablösung? Kemlein winkt Führungsrol­le,https://www.ligainsider.de/aljoscha-kemlein_27560/wachabloesung-kemlein-winkt-fuehrungsrolle-414891/,0,0,0
34516,Imeri,1. FC Union Berlin,Imeri muss auf Union-Debüt warten,https://www.ligainsider.de/kastriot-imeri_36339/imeri-muss-auf-union-debuet-warten-417532/,3,1,0
33616,Skarke,1. FC Union Berlin,Union-Quar­tett vor ungewisser Zukunft,https://www.ligainsider.de/janik-haberer_3616/union-quartett-vor-ungewisser-zukunft-415618/,0,0,0
34111,M. Ljubičić,1. FC Union Berlin,,,0,0,0
34432,J. Friedrich,1. FC Union Berlin,,,0,0,0
34452,Gray,1. FC Union Berlin,Union verlängert mit Youngster Gray,https://www.ligainsider.de/mekhi-gray_38708/union-verlaengert-mit-youngster-gray-414572/,0,0,0
32694,Burke,1. FC Union Berlin,Burke noch keine Option für Union,https://www.ligainsider.de/oliver-burke_11325/burke-noch-keine-option-fuer-union-416968/,0,0,0
34494,Latte Lath,1. FC Union Berlin,Union leiht Latte Lath von Atlanta aus,https://www.ligainsider.de/emmanuel-latte-lath_24183/union-leiht-latte-lath-von-atlanta-aus-415690/,0,0,0
34059,Ilić,1. FC Union Berlin,Ilić verpasst Bun­des­li­ga-Auftakt gegen Frankfurt,https://www.ligainsider.de/andrej-ilic_37532/ili-verpasst-bundesliga-auftakt-gegen-frankfurt-416971/,0,0,0
31618,Sippel,Borussia M'gladbach,Sippel zurück im Training,https://www.ligainsider.de/tobias-sippel_495/sippel-zurueck-im-training-411514/,0,0,0
34349,Trippel,Borussia M'gladbach,,,0,0,0
33306,Olschowsky,Borussia M'gladbach,Glad­bach-Abschied von Olschowsky zeichnet sich ab,https://www.ligainsider.de/jan-olschowsky_20114/gladbach-abschied-von-olschowsky-zeichnet-sich-ab-414272/,0,0,0
32654,Nicolas,Borussia M'gladbach,Nicolas entscheidet sich für Glad­bach-Verbleib,https://www.ligainsider.de/moritz-nicolas_6295/nicolas-entscheidet-sich-fuer-gladbach-verbleib-417337/,1,0,0
31693,Batz,Borussia M'gladbach,Offiziell: Gladbach holt Batz aus Mainz,https://www.ligainsider.de/daniel-batz_499/offiziell-gladbach-holt-batz-aus-mainz-413514/,0,0,0
34492,Hashioka,Borussia M'gladbach,Zeitnahe Rückkehr von Hashioka in Sicht,https://www.ligainsider.de/daiki-hashioka_36955/zeitnahe-rueckkehr-von-hashioka-in-sicht-417590/,5,1,0
34366,Herold,Borussia M'gladbach,Herold mischt wieder im Training mit,https://www.ligainsider.de/david-herold_34927/herold-mischt-wieder-im-training-mit-415784/,0,0,0
33778,Ullrich,Borussia M'gladbach,Ullrich überzeugt mit „Top-Ar­beit“ in der Vorbereitung,https://www.ligainsider.de/lukas-ullrich_27518/ullrich-ueberzeugt-mit-bdquo-top-arbeit-ldquo-in-der-vorbereitung-416640/,0,0,0
33601,Chiarodia,Borussia M'gladbach,Chiarodia muss nach Verletzung Rückstand aufholen,https://www.ligainsider.de/fabio-chiarodia_26588/chiarodia-muss-nach-verletzung-rueckstand-aufholen-416958/,0,0,0
33592,Itakura,Borussia M'gladbach,Itakura winkt Star­telfplatz zum Bun­des­li­ga-Auftakt,https://www.ligainsider.de/ko-itakura_27204/itakura-winkt-startelfplatz-zum-bundesliga-auftakt-417105/,1,0,0
33258,Scally,Borussia M'gladbach,Gladbach setzt wegen Abwehrnot wieder auf Scally,https://www.ligainsider.de/joe-scally_23700/gladbach-setzt-wegen-abwehrnot-wieder-auf-scally-417595/,3,0,0
34439,Konoplya,Borussia M'gladbach,Konoplya macht Fortschritte im Aufbaut­rai­ning,https://www.ligainsider.de/yukhym-konoplya_26866/konoplya-macht-fortschritte-im-aufbautraining-417471/,1,0,0
34470,Leszczyński,Borussia M'gladbach,Itakura verschärft den Kampf um die Startelf,https://www.ligainsider.de/ko-itakura_27204/itakura-verschaerft-den-kampf-um-die-startelf-416951/,0,0,0
34187,Diks,Borussia M'gladbach,Hashioka fällt aus: Wer übernimmt rechts?,https://www.ligainsider.de/daiki-hashioka_36955/hashioka-faellt-aus-wer-uebernimmt-rechts-417360/,1,0,0
34500,Fleck,Borussia M'gladbach,"Danfa, Nguefack und Fleck ab sofort bei den Profis",https://www.ligainsider.de/iaia-manco-danfa_38732/danfa-nguefack-und-fleck-ab-sofort-bei-den-profis-416020/,0,0,0
34435,Leopold,Borussia M'gladbach,Gladbach bestätigt Kreuz­bandriss bei Leopold,https://www.ligainsider.de/enzo-leopold_20348/gladbach-bestaetigt-kreuzbandriss-bei-leopold-417526/,3,0,0
34459,Uno,Borussia M'gladbach,Rückkehrer Uno muss sich noch gedulden,https://www.ligainsider.de/zento-uno_38869/rueckkehrer-uno-muss-sich-noch-gedulden-416952/,0,0,0
34342,Bolin,Borussia M'gladbach,Polanski sucht nach Torgefahr: Bolin fast fehlerfrei,https://www.ligainsider.de/hugo-bolin_37888/polanski-sucht-nach-torgefahr-bolin-fast-fehlerfrei-415878/,0,0,0
34270,Mohya,Borussia M'gladbach,Mohya meldet sich im Teamtraining zurück,https://www.ligainsider.de/wael-mohya_38636/mohya-meldet-sich-im-teamtraining-zurueck-416508/,0,0,0
34186,Castrop,Borussia M'gladbach,Schul­teropera­tion: Castrop fällt Monate aus,https://www.ligainsider.de/jens-castrop_24405/schulteroperation-castrop-faellt-monate-aus-415961/,0,0,0
31985,Stöger,Borussia M'gladbach,,,0,0,0
32771,Kühn,Borussia M'gladbach,,,0,0,0
34501,Nguefack,Borussia M'gladbach,Polanski gibt Nguefack Geduld und großes Lob,https://www.ligainsider.de/mathieu-nguefack_38828/polanski-gibt-nguefack-geduld-und-grosses-lob-417593/,3,0,0
32931,Neuhaus,Borussia M'gladbach,Schröder erhöht Druck auf Neuhaus und Scally,https://www.ligainsider.de/florian-neuhaus_10416/schroeder-erhoeht-druck-auf-neuhaus-und-scally-416811/,0,0,0
33978,Sander,Borussia M'gladbach,Castrop und Sander wieder im Training,https://www.ligainsider.de/jens-castrop_24405/castrop-und-sander-wieder-im-training-410527/,0,0,0
33817,Honorat,Borussia M'gladbach,Honorat trainiert individuell,https://www.ligainsider.de/franck-honorat_23248/honorat-trainiert-individuell-416510/,0,0,0
34447,Lidberg,Borussia M'gladbach,Offiziell: Gladbach verpflichtet Torjäger Lidberg,https://www.ligainsider.de/isac-lidberg_37438/offiziell-gladbach-verpflichtet-torjaeger-lidberg-414083/,0,0,0
33819,Čvančara,Borussia M'gladbach,,,0,0,0
32787,Hack,Borussia M'gladbach,"Hack, Engelhardt und Chiarodia dosiert unterwegs",https://www.ligainsider.de/robin-hack_14139/hack-engelhardt-und-chiarodia-dosiert-unterwegs-413222/,0,0,0
33938,Machino,Borussia M'gladbach,Neuer Anlauf: Machino verzichtet auf Urlaub,https://www.ligainsider.de/shuto-machino_36130/neuer-anlauf-machino-verzichtet-auf-urlaub-414568/,0,0,0
32599,Kleindienst,Borussia M'gladbach,Kleindienst tritt im Glad­bach-Trai­ning kürzer,https://www.ligainsider.de/tim-kleindienst_6321/kleindienst-tritt-im-gladbach-training-kuerzer-417469/,2,0,0
34499,Danfa,Borussia M'gladbach,Danfa feiert Profika­der-Debüt bei Borussia,https://www.ligainsider.de/iaia-manco-danfa_38732/danfa-feiert-profikader-debuet-bei-borussia-416724/,0,0,0
34449,Uwakhonye,Borussia M'gladbach,,,0,0,0
32629,Heuer Fernandes,Hamburger SV,Tangvik erhält im DFB-Pokal seine Chance,https://www.ligainsider.de/sander-tangvik_24494/tangvik-erhaelt-im-dfb-pokal-seine-chance-416676/,0,0,0
34502,Lahti,Hamburger SV,,,0,0,0
34094,Dickes,Hamburger SV,HSV-Er­satzkee­per Dickes muss operiert werden,https://www.ligainsider.de/fernando-dickes_37244/hsv-ersatzkeeper-dickes-muss-operiert-werden-410042/,0,0,0
34334,Tangvik,Hamburger SV,Tangvik erhält im DFB-Pokal seine Chance,https://www.ligainsider.de/sander-tangvik_24494/tangvik-erhaelt-im-dfb-pokal-seine-chance-416676/,0,0,0
34521,Wolfe,Hamburger SV,HSV macht Møller-Wolfe-Lei­he offiziell,https://www.ligainsider.de/david-moller-wolfe_37717/hsv-macht-moller-wolfe-leihe-offiziell-417449/,4,0,0
34233,Capaldo,Hamburger SV,Grünes Licht für Capaldo beim HSV,https://www.ligainsider.de/nicolas-capaldo_26628/gruenes-licht-fuer-capaldo-beim-hsv-416976/,0,0,0
34258,Omari,Hamburger SV,Über­schauba­re Ausfallzeit bei Omari,https://www.ligainsider.de/warmed-omari_25626/ueberschaubare-ausfallzeit-bei-omari-416497/,0,0,0
34354,Nandja,Hamburger SV,Kein neuer Verteidiger: HSV setzt auf Nandja,https://www.ligainsider.de/shafiq-nandja_38678/kein-neuer-verteidiger-hsv-setzt-auf-nandja-417606/,1,0,0
34355,Lemke,Hamburger SV,Torschütze Lemke schreibt HSV-Geschichte,https://www.ligainsider.de/louis-lemke_38811/torschuetze-lemke-schreibt-hsv-geschichte-416802/,0,0,0
34514,El Ouahdi,Hamburger SV,Offiziell: HSV verpflichtet El Ouahdi,https://www.ligainsider.de/zakaria-el-ouahdi_38592/offiziell-hsv-verpflichtet-el-ouahdi-417372/,3,1,0
34164,Agyekum,Hamburger SV,Agyekum schließt sich leihweise Viktoria Köln an,https://www.ligainsider.de/joel-agyekum_38494/agyekum-schliesst-sich-leihweise-viktoria-koeln-an-401602/,0,0,0
33164,Bornauw,Hamburger SV,Offiziell: HSV leiht Bornauw aus,https://www.ligainsider.de/sebastiaan-bornauw_18822/offiziell-hsv-leiht-bornauw-aus-416473/,0,0,0
34148,Muheim,Hamburger SV,Muheim verpasst auch das Heimspiel gegen Mainz,https://www.ligainsider.de/miro-muheim_26094/muheim-verpasst-auch-das-heimspiel-gegen-mainz-417592/,4,0,0
32710,Torunarigha,Hamburger SV,Torunarigha fit für Dortmund,https://www.ligainsider.de/jordan-torunarigha_6513/torunarigha-fit-fuer-dortmund-416966/,0,0,0
34477,Adeline,Hamburger SV,HSV macht Adeli­ne-Transfer offiziell,https://www.ligainsider.de/martin-adeline_38937/hsv-macht-adeline-transfer-offiziell-415035/,0,0,0
33254,Pherai,Hamburger SV,HSV weiterhin um Phe­rai-Ab­gang bemüht,https://www.ligainsider.de/immanuel-pherai_14097/hsv-weiterhin-um-pherai-abgang-bemueht-417597/,1,0,0
34337,Grønbæk,Hamburger SV,,,0,0,0
33877,Amoako,Hamburger SV,Offiziell: Amoako un­terschreibt beim HSV,https://www.ligainsider.de/kofi-amoako_27549/offiziell-amoako-unterschreibt-beim-hsv-413680/,0,0,0
34296,Fábio Vieira,Hamburger SV,Offiziell: Vieira ist zurück beim HSV,https://www.ligainsider.de/fabio-vieira_24438/offiziell-vieira-ist-zurueck-beim-hsv-417388/,2,0,0
34290,Sambi Lokonga,Hamburger SV,Lokonga mischt wieder mit,https://www.ligainsider.de/albert-sambi-lokonga_18447/lokonga-mischt-wieder-mit-415811/,0,0,0
33935,Remberg,Hamburger SV,Remberg übernimmt Kapitänsamt beim HSV,https://www.ligainsider.de/nicolai-remberg_26449/remberg-uebernimmt-kapitaensamt-beim-hsv-415699/,0,0,0
32630,Jatta,Hamburger SV,Jatta beendet Frankfurt-Spiel angeschlagen,https://www.ligainsider.de/bakery-jatta_7056/jatta-beendet-frankfurt-spiel-angeschlagen-412764/,0,0,0
34486,Nadir,Hamburger SV,Nadir kehrt ins HSV-Training zurück,https://www.ligainsider.de/bilal-nadir_36654/nadir-kehrt-ins-hsv-training-zurueck-416104/,0,0,0
34508,Moffi,Hamburger SV,Polzin erklärt Plan mit Neuzugang Moffi,https://www.ligainsider.de/terem-moffi_39019/polzin-erklaert-plan-mit-neuzugang-moffi-417242/,1,0,0
34483,Daka,Hamburger SV,Offiziell: HSV verpflichtet Stürmer Daka,https://www.ligainsider.de/patson-daka_16774/offiziell-hsv-verpflichtet-stuermer-daka-415315/,0,0,0
34462,Barkowsky,Hamburger SV,,,0,0,0
34156,Røssing-Lelesiit,Hamburger SV,,,0,0,0
34249,Stange,Hamburger SV,Stange steigt wieder ins Training ein,https://www.ligainsider.de/otto-stange_38517/stange-steigt-wieder-ins-training-ein-415533/,0,0,0
32591,Poulsen,Hamburger SV,Poulsen meldet sich auf dem Feld zurück,https://www.ligainsider.de/yussuf-poulsen_5765/poulsen-meldet-sich-auf-dem-feld-zurueck-412750/,0,0,0
31634,Zieler,1. FC Köln,Entscheidung gefallen: Schwäbe neuer Köln-Ka­pitän,https://www.ligainsider.de/marvin-schwaebe_2626/entscheidung-gefallen-schwaebe-neuer-koeln-kapitaen-400353/,0,0,0
33495,Köbbing,1. FC Köln,,,0,0,0
32356,Schwäbe,1. FC Köln,,,0,0,0
34485,James,1. FC Köln,Offiziell: Köln holt Tor­wartta­lent James,https://www.ligainsider.de/martin-james_38985/offiziell-koeln-holt-torwarttalent-james-415396/,0,0,0
34135,Schmied,1. FC Köln,Nach Verletzung: Schmied erstmals wieder im Einsatz,https://www.ligainsider.de/joel-schmied_38328/nach-verletzung-schmied-erstmals-wieder-im-einsatz-412748/,0,0,0
34352,Neumann,1. FC Köln,,,0,0,0
34323,Simpson-Pusey,1. FC Köln,,,0,0,0
34287,Castro-Montes,1. FC Köln,,,0,0,0
34267,van den Berg,1. FC Köln,Van den Berg steigert Trainingsbe­las­tung,https://www.ligainsider.de/rav-van-den-berg_38630/van-den-berg-steigert-trainingsbelastung-415267/,0,0,0
34444,Voufack,1. FC Köln,,,0,0,0
34469,Lochoshvili,1. FC Köln,Lochoshvili nach Krämpfen aus­ge­wechselt,https://www.ligainsider.de/luka-lochoshvili_23949/lochoshvili-nach-kraempfen-ausgewechselt-416793/,0,0,0
34475,G. Mensah,1. FC Köln,,,0,0,0
34478,Fürst,1. FC Köln,,,0,0,0
32919,Sosa,1. FC Köln,Herausfor­de­rer Sosa beim Effzeh direkt eine Option,https://www.ligainsider.de/borna-sosa_12284/herausforderer-sosa-beim-effzeh-direkt-eine-option-417496/,5,0,0
32744,Hübers,1. FC Köln,,,0,0,0
34241,Sebulonsen,1. FC Köln,Sebulonsen steigt ins Training ein,https://www.ligainsider.de/sebastian-sebulonsen_38632/sebulonsen-steigt-ins-training-ein-417553/,1,0,0
34484,Okon-Engstler,1. FC Köln,,,0,0,0
34497,Neves,1. FC Köln,,,0,0,0
34225,Kujović,1. FC Köln,,,0,0,0
34196,Jóhannesson,1. FC Köln,Jóhannesson überzeugt mit Doppelpack,https://www.ligainsider.de/isak-johannesson_35249/johannesson-ueberzeugt-mit-doppelpack-416808/,0,0,0
32881,Maina,1. FC Köln,Wagner erklärt Idee mit Bülter und Thielmann,https://www.ligainsider.de/marius-buelter_19202/wagner-erklaert-idee-mit-buelter-und-thielmann-416991/,1,0,0
33130,Krauß,1. FC Köln,,,0,0,0
33157,Skhiri,1. FC Köln,Skhiri rückt näher an die Startelf,https://www.ligainsider.de/ellyes-skhiri_20776/skhiri-rueckt-naeher-an-die-startelf-417499/,1,0,1
34138,Harchaoui,1. FC Köln,,,0,0,0
34512,Moore,1. FC Köln,Ar­beits­erlaub­nis da: Moore bereit für Stuttgart!,https://www.ligainsider.de/mikey-moore_38448/arbeitserlaubnis-da-moore-bereit-fuer-stuttgart-417495/,4,1,0
34504,Dallinga,1. FC Köln,Dallinga fällt gegen Stuttgart aus,https://www.ligainsider.de/thijs-dallinga_36506/dallinga-faellt-gegen-stuttgart-aus-417575/,5,0,0
32206,Waldschmidt,1. FC Köln,Waldschmidt fehlt auch gegen Stuttgart,https://www.ligainsider.de/luca-waldschmidt_2594/waldschmidt-fehlt-auch-gegen-stuttgart-417577/,1,0,0
34141,M. El Mala,1. FC Köln,,,0,0,0
34140,Rondić,1. FC Köln,Rondić feiert Comeback im Köln-Kader,https://www.ligainsider.de/imad-rondic_25482/rondi-feiert-comeback-im-koeln-kader-417576/,2,0,0
34480,Heskey,1. FC Köln,Heskey braucht beim 1. FC Köln noch Zeit,https://www.ligainsider.de/reigan-heskey_38945/heskey-braucht-beim-1-fc-koeln-noch-zeit-417498/,1,0,0
33139,Bülter,1. FC Köln,,,0,0,0
34139,S. El Mala,1. FC Köln,,,0,0,0
33185,Thielmann,1. FC Köln,Wagner erklärt Idee mit Bülter und Thielmann,https://www.ligainsider.de/marius-buelter_19202/wagner-erklaert-idee-mit-buelter-und-thielmann-416991/,1,0,0
33263,Ache,1. FC Köln,Ache feiert Comeback im zweiten Köln-Test,https://www.ligainsider.de/ragnar-ache_23720/ache-feiert-comeback-im-zweiten-koeln-test-415379/,0,0,0
34274,Hein,SV Werder Bremen,Hein ist fit und steht als Nummer eins im SVW-Tor,https://www.ligainsider.de/karl-hein_25603/hein-ist-fit-und-steht-als-nummer-eins-im-svw-tor-417087/,1,0,0
34251,Smarkalev,SV Werder Bremen,Smarkalev will sich bei Werder weiterentwi­ckeln,https://www.ligainsider.de/stefan-smarkalev_37181/smarkalev-will-sich-bei-werder-weiterentwickeln-413753/,0,0,0
33986,Kolke,SV Werder Bremen,Offiziell: Routinier Kolke verlängert bei Werder,https://www.ligainsider.de/markus-kolke_15549/offiziell-routinier-kolke-verlaengert-bei-werder-414284/,0,0,0
34473,Schlager,SV Werder Bremen,Schlager setzt krankheits­be­dingt aus,https://www.ligainsider.de/alexander-schlager_22752/schlager-setzt-krankheitsbedingt-aus-416433/,0,0,0
34245,Schmetgens,SV Werder Bremen,Schmetgens winkt Star­telf-Debüt in der Bundesliga,https://www.ligainsider.de/mick-schmetgens_37129/schmetgens-winkt-startelf-debuet-in-der-bundesliga-417090/,1,0,0
33858,Deman,SV Werder Bremen,Ndiaye geht als Herausfor­de­rer ins Rennen,https://www.ligainsider.de/moussa-ndiaye_37743/ndiaye-geht-als-herausforderer-ins-rennen-417572/,1,0,0
33772,Arthur,SV Werder Bremen,Arthur winkt bei Werder direkt die Startelf,https://www.ligainsider.de/arthur_35904/arthur-winkt-bei-werder-direkt-die-startelf-417559/,5,1,1
34468,Höcker,SV Werder Bremen,,,0,0,0
34472,Wójcik,SV Werder Bremen,Wójcik verpasst Bun­des­li­ga-Auftakt gegen Freiburg,https://www.ligainsider.de/oskar-wojcik_38922/wojcik-verpasst-bundesliga-auftakt-gegen-freiburg-416782/,0,0,0
34517,Ndiaye,SV Werder Bremen,Ndiaye geht als Herausfor­de­rer ins Rennen,https://www.ligainsider.de/moussa-ndiaye_37743/ndiaye-geht-als-herausforderer-ins-rennen-417572/,6,1,0
31929,Weiser,SV Werder Bremen,Weiser weiterhin keine Option für Bremen,https://www.ligainsider.de/mitchell-weiser_1720/weiser-weiterhin-keine-option-fuer-bremen-417558/,2,0,0
33288,Agu,SV Werder Bremen,Agu laboriert an Mus­kelverlet­zung,https://www.ligainsider.de/felix-agu_21590/agu-laboriert-an-muskelverletzung-416241/,0,0,0
33224,Pieper,SV Werder Bremen,Pieper zurück im Teamtraining,https://www.ligainsider.de/amos-pieper_7061/pieper-zurueck-im-teamtraining-416451/,0,0,0
32120,Stark,SV Werder Bremen,Stark verpasst Abschlusstrai­ning vor Freiburg,https://www.ligainsider.de/niklas-stark_2441/stark-verpasst-abschlusstraining-vor-freiburg-417177/,1,0,0
32754,Friedl,SV Werder Bremen,Friedl bleibt Kapitän bei Werder,https://www.ligainsider.de/marco-friedl_7047/friedl-bleibt-kapitaen-bei-werder-416557/,0,0,0
34442,Chuki,SV Werder Bremen,Wenig Spielpraxis: Thioune fordert Geduld bei Reis,https://www.ligainsider.de/ludovit-reis_24555/wenig-spielpraxis-thioune-fordert-geduld-bei-reis-417078/,1,0,0
34152,Reis,SV Werder Bremen,Wenig Spielpraxis: Thioune fordert Geduld bei Reis,https://www.ligainsider.de/ludovit-reis_24555/wenig-spielpraxis-thioune-fordert-geduld-bei-reis-417078/,1,0,0
34463,Stalmach,SV Werder Bremen,Sorge um Lynen bringt Chance für Regeer und Stalmach,https://www.ligainsider.de/youri-regeer_25841/sorge-um-lynen-bringt-chance-fuer-regeer-und-stalmach-417560/,2,0,0
33896,Alvero,SV Werder Bremen,Alvero wieder fit: Nachreise ins Trainingsla­ger,https://www.ligainsider.de/skelly-alvero_35903/alvero-wieder-fit-nachreise-ins-trainingslager-415322/,0,0,0
34513,Regeer,SV Werder Bremen,Sorge um Lynen bringt Chance für Regeer und Stalmach,https://www.ligainsider.de/youri-regeer_25841/sorge-um-lynen-bringt-chance-fuer-regeer-und-stalmach-417560/,4,1,0
33835,Lynen,SV Werder Bremen,Nur indoor: Schlechte Aussicht bei Lynen,https://www.ligainsider.de/senne-lynen_35359/nur-indoor-schlechte-aussicht-bei-lynen-417608/,3,0,0
33640,Stage,SV Werder Bremen,Stage muss nach Verletzung operiert werden,https://www.ligainsider.de/jens-stage_22538/stage-muss-nach-verletzung-operiert-werden-417333/,3,0,0
34471,Erevbenagie,SV Werder Bremen,Thioune setzt auf Neuanlauf für Mbangula,https://www.ligainsider.de/samuel-mbangula_38551/thioune-setzt-auf-neuanlauf-fuer-mbangula-417093/,1,0,0
34430,Quetant,SV Werder Bremen,Werder denkt über Quetant-Lei­he nach,https://www.ligainsider.de/kenny-quetant_38826/werder-denkt-ueber-quetant-leihe-nach-416643/,0,0,0
34244,Musah,SV Werder Bremen,Werder schiebt Musah-Abgang einen Riegel vor,https://www.ligainsider.de/salim-musah_37144/werder-schiebt-musah-abgang-einen-riegel-vor-416797/,0,0,0
33923,Grüll,SV Werder Bremen,,,0,0,0
33741,Topp,SV Werder Bremen,Topp erst 2027 wieder eine Option,https://www.ligainsider.de/keke-topp_35787/topp-erst-2027-wieder-eine-option-414449/,0,0,0
33687,Njinmah,SV Werder Bremen,Bremen bestätigt langen Ausfall von Njinmah,https://www.ligainsider.de/justin-njinmah_27480/bremen-bestaetigt-langen-ausfall-von-njinmah-417443/,2,0,0
33520,Itten,SV Werder Bremen,„Sky is the limit“: Füllkrug mischt Werder-Sturm auf,https://www.ligainsider.de/niclas-fuellkrug_1867/bdquo-sky-is-the-limit-ldquo-fuellkrug-mischt-werder-sturm-auf-416556/,0,0,0
33364,Dinkçi,SV Werder Bremen,Dinkçi vor Comeback – Startelf noch kein Thema,https://www.ligainsider.de/eren-dinkci_22008/dinkci-vor-comeback-ndash-startelf-noch-kein-thema-417070/,1,0,1
33030,Kownacki,SV Werder Bremen,Kownacki entscheidet sich für Wer­der-Verbleib,https://www.ligainsider.de/dawid-kownacki_12846/kownacki-entscheidet-sich-fuer-werder-verbleib-417416/,1,0,0
31916,Füllkrug,SV Werder Bremen,,,0,0,0
31874,Karius,FC Schalke 04,Karaman bleibt Schal­ke-Ka­pitän,https://www.ligainsider.de/kenan-karaman_2676/karaman-bleibt-schalke-kapitaen-416637/,0,0,0
32225,K. Müller,FC Schalke 04,,,0,0,0
34369,Siebeking,FC Schalke 04,,,0,0,0
34371,Kuruçay,FC Schalke 04,Kuruçay zurück im Teamtraining,https://www.ligainsider.de/hasan-kurucay_35927/kurucay-zurueck-im-teamtraining-415047/,0,0,0
33831,Wöber,FC Schalke 04,,,0,0,0
33843,Gosens,FC Schalke 04,Muslić erwartet Gosens gegen Halle zurück,https://www.ligainsider.de/robin-gosens_16537/musli-erwartet-gosens-gegen-halle-zurueck-416652/,0,0,0
34377,Gantenbein,FC Schalke 04,Gantenbein fällt wochenlang aus,https://www.ligainsider.de/adrian-gantenbein_37275/gantenbein-faellt-wochenlang-aus-415567/,0,0,0
34372,Katić,FC Schalke 04,Karaman bleibt Schal­ke-Ka­pitän,https://www.ligainsider.de/kenan-karaman_2676/karaman-bleibt-schalke-kapitaen-416637/,0,0,0
34375,Noode,FC Schalke 04,,,0,0,0
34376,V. Becker,FC Schalke 04,,,0,0,0
32663,Donkor,FC Schalke 04,Donkor und Grüger künftig bei Schalkes U23,https://www.ligainsider.de/max-grueger_37366/donkor-und-grueger-kuenftig-bei-schalkes-u23-415825/,0,0,0
32331,Kalas,FC Schalke 04,,,0,0,0
34392,Ayhan,FC Schalke 04,Schalke verlängert langfristig mit Ayhan,https://www.ligainsider.de/mertcan-ayhan_38514/schalke-verlaengert-langfristig-mit-ayhan-415602/,0,0,0
33184,T. Becker,FC Schalke 04,,,0,0,0
34434,Vozar,FC Schalke 04,Schal­ke-Coach Muslić bremst Hype um Vozar,https://www.ligainsider.de/luca-vozar_38892/schalke-coach-musli-bremst-hype-um-vozar-416641/,0,0,0
34383,Bachmann,FC Schalke 04,Schalke 04 plant weiter mit Bachmann,https://www.ligainsider.de/janik-bachmann_5753/schalke-04-plant-weiter-mit-bachmann-414364/,0,0,0
34391,El-Faouzi,FC Schalke 04,,,0,0,0
34379,Schallenberg,FC Schalke 04,Urteil da: Zwei Spiele Sperre für Schallenberg,https://www.ligainsider.de/ron-schallenberg_14580/urteil-da-zwei-spiele-sperre-fuer-schallenberg-417509/,2,0,0
34380,Grüger,FC Schalke 04,,,0,0,0
34382,Aouchiche,FC Schalke 04,Offiziell: Aouchiche verlängert auf Schalke,https://www.ligainsider.de/adil-aouchiche_22176/offiziell-aouchiche-verlaengert-auf-schalke-417364/,3,0,0
34450,Tanaka,FC Schalke 04,Tanaka erhält Star­telfga­ran­tie gegen Bayern,https://www.ligainsider.de/satoshi-tanaka_38876/tanaka-erhaelt-startelfgarantie-gegen-bayern-417582/,1,0,0
32190,Karaman,FC Schalke 04,Kara­man-Ein­satz entscheidet sich wieder kurzfristig,https://www.ligainsider.de/kenan-karaman_2676/karaman-einsatz-entscheidet-sich-wieder-kurzfristig-417557/,3,0,0
33678,Dina Ebimbe,FC Schalke 04,Dina Ebimbe steht Schalke zur Verfügung,https://www.ligainsider.de/junior-dina-ebimbe_26881/dina-ebimbe-steht-schalke-zur-verfuegung-417586/,2,0,0
32490,Porath,FC Schalke 04,Zuletzt außen vor: KSV-Coach Rapp betont große Werts­chätzung für Porath,https://www.ligainsider.de/finn-porath_6693/zuletzt-aussen-vor-ksv-coach-rapp-betont-grosse-wertschaetzung-fuer-porath-377307/,0,0,0
33453,D. Ljubičić,FC Schalke 04,,,0,0,0
33300,Hwang,FC Schalke 04,Hwang-Ein­satz gegen Bayern noch offen,https://www.ligainsider.de/heechan-hwang_12138/hwang-einsatz-gegen-bayern-noch-offen-417555/,3,1,0
34389,E. Højlund,FC Schalke 04,,,0,0,0
34387,Sylla,FC Schalke 04,Muslić steht hinter Wechsel­kan­di­dat Sylla,https://www.ligainsider.de/moussa-sylla_16217/musli-steht-hinter-wechselkandidat-sylla-417081/,1,1,0
34386,Tchibara,FC Schalke 04,Tchibara künftig für Schalkes U23 im Einsatz,https://www.ligainsider.de/zaid-tchibara_38499/tchibara-kuenftig-fuer-schalkes-u23-im-einsatz-415572/,0,0,0
33465,Lasme,FC Schalke 04,Schalke 04: Lasme fällt länger aus,https://www.ligainsider.de/bryan-lasme_26131/schalke-04-lasme-faellt-laenger-aus-416463/,0,0,0
33802,Adamu,FC Schalke 04,Muslić hofft bei Adamu auf den Knotenlöser,https://www.ligainsider.de/junior-adamu_24620/musli-hofft-bei-adamu-auf-den-knotenloeser-416805/,0,0,0
31145,Džeko,FC Schalke 04,Džeko beendet Karriere im Nationalteam,https://www.ligainsider.de/edin-dzeko_4755/d-eko-beendet-karriere-im-nationalteam-417525/,2,0,0
34167,Lehmann,SV Elversberg,Elversberg verlängert mit Lehmann,https://www.ligainsider.de/frank-lehmann_2876/elversberg-verlaengert-mit-lehmann-413668/,0,0,0
34445,Etringer,SV Elversberg,Elversberg holt Ei­gen­gewächs Etringer zurück,https://www.ligainsider.de/elias-etringer_38898/elversberg-holt-eigengewaechs-etringer-zurueck-414062/,0,0,0
34166,Boss,SV Elversberg,Dresden verpflichtet Torhüter Boss,https://www.ligainsider.de/tim-boss_19242/dresden-verpflichtet-torhueter-boss-248482/,0,0,0
34165,Kristof,SV Elversberg,Kristof setzt leicht angeschlagen aus,https://www.ligainsider.de/nicolas-kristof_26473/kristof-setzt-leicht-angeschlagen-aus-414737/,0,0,0
34169,Le Joncour,SV Elversberg,Wagner: Vertrauen in bewährtes Abwehr-Trio,https://www.ligainsider.de/lukas-pinckert_38539/wagner-vertrauen-in-bewaehrtes-abwehr-trio-417578/,1,0,0
34170,Rohr,SV Elversberg,Wagner: Vertrauen in bewährtes Abwehr-Trio,https://www.ligainsider.de/lukas-pinckert_38539/wagner-vertrauen-in-bewaehrtes-abwehr-trio-417578/,2,0,0
34393,Seifert,SV Elversberg,Elversberg muss lange auf Seifert verzichten,https://www.ligainsider.de/luis-seifert_36900/elversberg-muss-lange-auf-seifert-verzichten-414973/,0,0,0
34394,Mickelson,SV Elversberg,,,0,0,0
34395,Gyamerah,SV Elversberg,Gyamerah fällt gegen Regensburg aus,https://www.ligainsider.de/jan-gyamerah_5825/gyamerah-faellt-gegen-regensburg-aus-246110/,0,0,0
34396,Keidel,SV Elversberg,Keidel erarbeitet sich Vorsprung auf der Sechs,https://www.ligainsider.de/felix-keidel_27483/keidel-erarbeitet-sich-vorsprung-auf-der-sechs-417024/,0,0,0
34482,Sirch,SV Elversberg,Wagner: Vertrauen in bewährtes Abwehr-Trio,https://www.ligainsider.de/lukas-pinckert_38539/wagner-vertrauen-in-bewaehrtes-abwehr-trio-417578/,1,0,0
34168,Pinckert,SV Elversberg,Wagner: Vertrauen in bewährtes Abwehr-Trio,https://www.ligainsider.de/lukas-pinckert_38539/wagner-vertrauen-in-bewaehrtes-abwehr-trio-417578/,1,0,0
33451,Günther,SV Elversberg,,,0,0,0
34153,Poręba,SV Elversberg,Elversberg zieht Kaufoption für Poręba,https://www.ligainsider.de/lukasz-poreba_36788/elversberg-zieht-kaufoption-fuer-por-ba-414030/,0,0,0
34427,Onyeka,SV Elversberg,Offiziell: Onyeka auf Leihbasis nach Elversberg,https://www.ligainsider.de/francis-onyeka_36948/offiziell-onyeka-auf-leihbasis-nach-elversberg-414242/,0,0,0
34397,Condé,SV Elversberg,Rückkehr ins Mannschafts­trai­ning,https://www.ligainsider.de/amara-conde_6545/rueckkehr-ins-mannschaftstraining-246142/,0,0,0
33996,Krattenmacher,SV Elversberg,Krat­ten­ma­cher zurück im Teamtraining,https://www.ligainsider.de/maurice-krattenmacher_36255/krattenmacher-zurueck-im-teamtraining-415417/,0,0,0
34215,Darvich,SV Elversberg,Keidel rückt ins Zentrum – Trio überzeugt,https://www.ligainsider.de/felix-keidel_27483/keidel-rueckt-ins-zentrum-ndash-trio-ueberzeugt-416418/,0,0,0
34176,Schmahl,SV Elversberg,Trio um Campbell meldet sich im Testspiel zurück,https://www.ligainsider.de/cole-campbell_36946/trio-um-campbell-meldet-sich-im-testspiel-zurueck-416288/,0,0,0
34016,Campbell,SV Elversberg,Keidel rückt ins Zentrum – Trio überzeugt,https://www.ligainsider.de/felix-keidel_27483/keidel-rueckt-ins-zentrum-ndash-trio-ueberzeugt-416418/,0,0,0
34180,Schnellbacher,SV Elversberg,Sorgen um Schnellba­cher: Verletzung im Test,https://www.ligainsider.de/luca-schnellbacher_6495/sorgen-um-schnellbacher-verletzung-im-test-414959/,0,0,0
33820,Futkeu,SV Elversberg,Wagner tritt bei Futkeu auf die Bremse,https://www.ligainsider.de/noel-futkeu_24815/wagner-tritt-bei-futkeu-auf-die-bremse-417023/,0,0,0
34177,Zimmerschied,SV Elversberg,Wagner stellt Zim­mer­schied-Come­back in Aussicht,https://www.ligainsider.de/tom-zimmerschied_38111/wagner-stellt-zimmerschied-comeback-in-aussicht-417574/,1,0,0
34399,Adam,SV Elversberg,Trio um Campbell meldet sich im Testspiel zurück,https://www.ligainsider.de/cole-campbell_36946/trio-um-campbell-meldet-sich-im-testspiel-zurueck-416288/,0,0,0
34090,Mokwa,SV Elversberg,Mokwa steht für Pokalspiel in Duisburg bereit,https://www.ligainsider.de/david-mokwa_35765/mokwa-steht-fuer-pokalspiel-in-duisburg-bereit-416555/,0,0,0
33398,Petkov,SV Elversberg,Augsburgs Petkov wechselt fest zur SV Elversberg,https://www.ligainsider.de/lukas-petkov_20088/augsburgs-petkov-wechselt-fest-zur-sv-elversberg-362074/,0,0,0
33072,Pfeiffer,SV Elversberg,Pfeiffer wechselt vom VfB Stuttgart nach Elversberg,https://www.ligainsider.de/luca-pfeiffer_19196/pfeiffer-wechselt-vom-vfb-stuttgart-nach-elversberg-378552/,0,0,0
34400,Pruhs,SC Paderborn,Paderborn vor spannendem Tor­wart-Umbau,https://www.ligainsider.de/markus-schubert_8133/paderborn-vor-spannendem-torwart-umbau-413849/,0,0,0
33397,Noll,SC Paderborn,Noll geht beim SCP als Nummer eins in die Saison,https://www.ligainsider.de/nahuel-noll_24594/noll-geht-beim-scp-als-nummer-eins-in-die-saison-416622/,0,0,0
33140,Schubert,SC Paderborn,Noll geht beim SCP als Nummer eins in die Saison,https://www.ligainsider.de/nahuel-noll_24594/noll-geht-beim-scp-als-nummer-eins-in-die-saison-416622/,0,0,0
34440,Lippmann,SC Paderborn,Offiziell: Paderborn holt Lippmann vom TSV 1860 München,https://www.ligainsider.de/clemens-lippmann_38885/offiziell-paderborn-holt-lippmann-vom-tsv-1860-muenchen-413844/,0,0,0
34405,Zobel,SC Paderborn,,,0,0,0
34443,Awortwie-Grant,SC Paderborn,,,0,0,0
34403,Hoffmeier,SC Paderborn,Hoffmeier zurück im Teamtraining,https://www.ligainsider.de/marcel-hoffmeier_26447/hoffmeier-zurueck-im-teamtraining-415906/,0,0,0
34402,Scheller,SC Paderborn,Scheller erhält Star­telfga­ran­tie beim SCP,https://www.ligainsider.de/tjark-scheller_36890/scheller-erhaelt-startelfgarantie-beim-scp-416969/,0,0,0
34401,Hansen,SC Paderborn,Hansen meldet sich nach Krankheit zurück,https://www.ligainsider.de/mattes-hansen_35894/hansen-meldet-sich-nach-krankheit-zurueck-416627/,0,0,0
31586,F. Götze,SC Paderborn,,,0,0,0
34460,ter Horst,SC Paderborn,Ter Horst spielt sich in den Vordergrund,https://www.ligainsider.de/jano-ter-horst_36702/ter-horst-spielt-sich-in-den-vordergrund-416633/,0,0,0
34456,Obermair,SC Paderborn,Obermair zurück im Teamtraining,https://www.ligainsider.de/raphael-obermair_12780/obermair-zurueck-im-teamtraining-415051/,0,0,0
34436,Baack,SC Paderborn,Offiziell: Paderborn verpflichtet Nürnbergs Baack,https://www.ligainsider.de/tom-baack_7463/offiziell-paderborn-verpflichtet-nuernbergs-baack-413784/,0,0,0
34414,Mohr,SC Paderborn,Mohr mit Ober­schen­kelprob­le­men,https://www.ligainsider.de/niklas-mohr_38856/mohr-mit-oberschenkelproblemen-416394/,0,0,0
34412,R. Müller,SC Paderborn,,,0,0,0
34411,Sticker,SC Paderborn,Paderborn dreht Testspiel gegen Southampton,https://www.ligainsider.de/laurin-curda_36261/paderborn-dreht-testspiel-gegen-southampton-415590/,0,0,0
34410,Curda,SC Paderborn,Paderborn dreht Testspiel gegen Southampton,https://www.ligainsider.de/laurin-curda_36261/paderborn-dreht-testspiel-gegen-southampton-415590/,0,0,0
34409,Gayret,SC Paderborn,,,0,0,0
34408,Klaas,SC Paderborn,Klaas fällt rund vier Wochen aus,https://www.ligainsider.de/sebastian-klaas_15795/klaas-faellt-rund-vier-wochen-aus-415724/,0,0,0
34406,Castañeda,SC Paderborn,Offiziell: Castañeda verlängert vorzeitig in Paderborn,https://www.ligainsider.de/santiago-castaneda_37450/offiziell-castaneda-verlaengert-vorzeitig-in-paderborn-416870/,0,0,0
33666,Ulrich,SC Paderborn,„Großes Talent“: Kettemann von Ulrich überzeugt,https://www.ligainsider.de/laurin-ulrich_27568/bdquo-grosses-talent-ldquo-kettemann-von-ulrich-ueberzeugt-417588/,1,0,0
34107,Đurić,SC Paderborn,,,0,0,0
34232,Zeitler,SC Paderborn,Offiziell: TSG verleiht Zeitler nach Paderborn,https://www.ligainsider.de/deniz-zeitler_37353/offiziell-tsg-verleiht-zeitler-nach-paderborn-416058/,0,0,0
32087,Michel,SC Paderborn,Michel tastet sich im Teamtraining heran,https://www.ligainsider.de/sven-michel_2391/michel-tastet-sich-im-teamtraining-heran-417591/,2,0,0
33219,Batista Meier,SC Paderborn,Offiziell: Paderborn verpflichtet Batista Meier,https://www.ligainsider.de/oliver-batista-meier_19164/offiziell-paderborn-verpflichtet-batista-meier-414495/,0,0,0
34419,Marino,SC Paderborn,,,0,0,0
34418,Millgramm,SC Paderborn,Millgramm nach Testspiel angeschlagen,https://www.ligainsider.de/albert-millgramm_38879/millgramm-nach-testspiel-angeschlagen-416395/,0,0,0
34416,Eickel,SC Paderborn,Eickel fehlt Paderborn auch in Mainz,https://www.ligainsider.de/lasse-eickel_38880/eickel-fehlt-paderborn-auch-in-mainz-416965/,0,0,0
33600,Pieringer,SC Paderborn,Pieringer winkt direkt ein Platz in der Startelf,https://www.ligainsider.de/marvin-pieringer_20424/pieringer-winkt-direkt-ein-platz-in-der-startelf-416990/,1,0,1
33570,Vidović,SC Paderborn,Vidović trifft und sammelt Argumente,https://www.ligainsider.de/gabriel-vidovic_26231/vidovi-trifft-und-sammelt-argumente-416748/,0,0,0
33365,Tigges,SC Paderborn,Tigges verlässt den 1. FC Köln in Richtung Paderborn,https://www.ligainsider.de/steffen-tigges_15810/tigges-verlaesst-den-1-fc-koeln-in-richtung-paderborn-400066/,0,0,0
34216,Philippe,SC Paderborn,Paderborn verstärkt sich mit Philippe,https://www.ligainsider.de/rayan-philippe_36121/paderborn-verstaerkt-sich-mit-philippe-417422/,4,1,0
